ticker,rating,signal_score,market_score,news_score,fundamental_score,alt_score,momentum,volatility,drawdown,rel_strength,revenue_growth_yoy,operating_margin,pe_ratio,n_events,n_signals
ALL,BUY,82.6,0.7005071028632945,1.0,0.7205831608005522,1.0,0.11120396262113252,0.2813224378307853,-0.002188129528401306,0.22952236226429357,0.0997,0.3353,12.5914,18,12
SYK,BUY,73.7,0.7024920366808022,1.0,0.5665113871635611,0.7795998027415796,0.12372372555105215,0.1698140232190792,-0.024825874149070892,0.2311816915104884,0.0952,0.1825,18.139,18,13
TRMB,BUY,72.8,0.5640065080181893,0.9748602069686807,0.656935817805383,0.8315312069025603,-0.0016113783671950488,0.19280660847798772,-0.021558527783636428,0.15115175267130876,0.172,0.1733,31.2126,18,14
BLDR,BUY,72.8,0.5069498666067895,1.0,0.5887853692201519,0.9965122042624476,-0.021875239515316114,0.298055192217637,-0.05226430753205025,0.0756193236008339,0.1167,0.1658,21.3244,18,13
PTC,HOLD,69.6,0.6186730583453628,1.0,0.7473257418909592,0.4286374649347955,0.0488464821301855,0.11165357254759416,0.0,0.16297173874454518,0.1476,0.2797,21.8839,18,14
NSC,HOLD,69.4,0.6920543647281334,0.8633023044241388,0.6921497584541063,0.5298393974672101,0.11855572764763922,0.273937086502305,0.0,0.18813245387003052,0.1189,0.1662,15.3408,18,13
ACN,HOLD,69.0,0.6500513841983377,1.0,0.7347826086956522,0.3724375043664865,0.0948274133249487,0.20626533373138226,-0.02629860820015184,0.10512823695202245,0.2076,0.3248,40.3804,18,14
ZBH,HOLD,68.9,0.6656173466513939,0.7082658321970423,0.5962387853692201,0.8454991520800292,0.01482500995738123,0.3546263068053508,-0.014613090426506381,0.4481860273790309,0.0816,0.2103,17.7209,18,13
FSLR,HOLD,68.5,0.5170687620375707,1.0,0.7209109730848862,0.5685678730424222,0.041528802319661606,0.23774058672545031,-0.06298308548204334,0.01283601598157147,0.2107,0.202,26.4448,18,14
PXD,HOLD,68.3,0.5766801453213072,1.0,0.5968426501035197,0.6542420929992808,0.016192517377042526,0.2304182136512476,-0.029968186028354493,0.10416822734074971,0.1082,0.0975,15.2145,18,12
CRWD,HOLD,67.8,0.40369963550809,0.9111030369138426,0.6327984817115252,0.9249412602077982,-0.04728297542665916,0.22754373286909435,-0.09547048470301611,-0.0147690070110158,0.3,0.2,95.0,18,15
TYL,HOLD,67.1,0.548057064645967,1.0,0.699223602484472,0.4819177012453475,-0.021641141889882642,0.36001209520374805,-0.05513736330151964,0.2276927166149033,0.1752,0.2241,23.0583,18,14
ABT,HOLD,66.6,0.6782681758507181,1.0,0.5113871635610766,0.5445987545333381,0.1188828811409739,0.29761938897308804,0.0,0.12050163901498812,0.1214,0.1284,29.8388,18,13
BK,HOLD,66.2,0.6702549419081163,1.0,0.6527087646652864,0.3236786265186219,0.07183438974305045,0.4272672155872164,-0.05849240403279743,0.3294940934947844,0.0667,0.3086,12.9224,18,12
GM,HOLD,66.0,0.5672462848273581,0.9916646476179614,0.6503450655624569,0.48273702103186944,-0.01711085301517845,0.17632586940611786,-0.028737556485015192,0.14825318376535013,0.13,0.1597,17.5386,18,13
INTU,HOLD,65.6,0.9293105363524281,0.8147340963204984,0.6543305728088338,0.09041469004609269,0.19774844605493724,0.2809683566739865,0.0,0.5286143186608318,0.1402,0.2861,40.3834,18,14
CVS,HOLD,65.5,0.520945138817511,0.9832558184880391,0.6603692201518288,0.5209282658555485,0.044756982885000074,0.2467350474228785,-0.07229512755678058,0.005311634432022316,0.1102,0.1824,14.3611,18,13
NTAP,HOLD,65.5,0.5683846620060453,1.0,0.7231193926846101,0.33888046376770964,-0.00952271924509851,0.1798661099694862,-0.024216588356421154,0.1748204412337192,0.2004,0.1939,32.4253,18,14
CRM,HOLD,65.1,0.5285972891930938,1.0,0.7566252587991718,0.3292099964770443,-0.03480360465535326,0.24468512576135965,-0.03480360465535326,0.15124975337396795,0.2685,0.3244,41.8773,18,14
FICO,HOLD,65.0,0.7755630867359367,1.0,0.640200138026225,0.1286894333051866,0.1663832042285578,0.31052633193400675,0.0,0.31303518846858036,0.105,0.174,23.6974,18,14
WST,HOLD,64.9,0.4142274361658723,1.0,0.6318495514147688,0.6775574012174571,-0.027779731855980372,0.22331843478264077,-0.1082158573407549,-0.0037433318018026407,0.108,0.2228,24.7258,18,13
EPAM,HOLD,64.5,0.5630927680310251,1.0,0.6536404416839199,0.4023674513236693,0.03269799178050592,0.2584395235993421,-0.01666236063444282,0.07313744484456464,0.191,0.3042,35.2049,18,14
ON,HOLD,64.4,0.5437730848177517,1.0,0.7729813664596272,0.24679624849498247,0.005559513518320625,0.2288171306572165,-0.031691188145605675,0.08871775520531189,0.269,0.3108,25.7575,18,14
GEN,HOLD,64.3,0.48736250054803937,0.9694509947498713,0.748343685300207,0.3908629441150835,-0.07424459978923392,0.2848060180275102,-0.09069471272346763,0.14689437582978193,0.2316,0.3435,22.6066,18,14
HSY,HOLD,64.1,0.48438618722202614,1.0,0.5688405797101449,0.6246386982858185,-0.010397878343356037,0.2425567831367661,-0.06630298652311262,0.03155344535221094,0.0856,0.1608,17.8543,18,12
TER,HOLD,64.0,0.5695338558070041,1.0,0.7067977915804003,0.286640736381216,0.008138901645337926,0.2084452426321392,-0.02894093404071696,0.12958036883270874,0.226,0.2679,32.8485,18,14
ETN,HOLD,64.0,0.6414887244049494,0.9011142724991656,0.5636991028295376,0.490503457467071,0.07977183456843395,0.2902715058427894,-0.024884363269909282,0.13314222975093293,0.1194,0.0878,25.0964,18,13
FI,HOLD,63.3,0.5704614026259873,1.0,0.7285714285714285,0.21809100441180224,-0.00047021749933928714,0.1940888581219221,-0.03332093641226763,0.13677205029124717,0.2695,0.1634,33.3244,18,14
FFIV,HOLD,63.1,0.6147293496857513,1.0,0.6699965493443755,0.22818272115867397,0.029508800630855037,0.21357951434036185,-0.012366063023013352,0.1492405289805535,0.1452,0.3231,41.0821,18,14
ANET,HOLD,63.1,0.4289917363814853,0.5002302525319686,0.7770013802622499,0.8461732137486484,-0.04401313973471166,0.24758831679972873,-0.10012272745308881,-0.015511513243812058,0.1782,0.2841,21.5789,18,14
TFC,HOLD,63.0,0.589099323510115,1.0,0.3829710144927536,0.6928774243210327,0.030778323290080678,0.3279140498191877,-0.004117747317116449,0.09388386964312934,0.0244,0.284,15.2425,18,12
DLTR,HOLD,63.0,0.6070693749964243,1.0,0.5730503795721187,0.380015095165778,0.010996416074400495,0.38582148450908094,-0.03746508868798892,0.1949006787529216,0.088,0.1661,21.1885,18,12
CMG,HOLD,62.2,0.4802415639876499,0.9395626723698951,0.6584886128364389,0.46033377480807974,0.062319799352919425,0.28563807151580484,-0.13368523166261503,-0.06335559297866755,0.1402,0.1553,15.5456,18,13
KEYS,HOLD,61.7,0.45069030109452296,1.0,0.6032781228433403,0.5040545821216779,-0.11562447877340931,0.3179680003509352,-0.13139322222993832,0.16195248745900848,0.1532,0.2716,48.8841,18,14
STX,HOLD,61.7,0.30464144808846283,0.9422625869671173,0.7364216701173222,0.5791495052180535,-0.0920751231818615,0.3046111771290915,-0.17477084123270825,-0.055627088986448525,0.1782,0.2936,32.2794,18,14
SMCI,HOLD,61.6,0.548286078372462,0.5519238408755341,0.7555555555555555,0.5729323661862741,-0.006714240315717546,0.24268483838983188,-0.04636693149097937,0.14557852259815973,0.2446,0.1973,38.7648,18,14
DGX,HOLD,61.5,0.5099309264994606,0.9903928184945534,0.7021394064872326,0.26738267810711036,-0.00749851856967676,0.30871982323159675,-0.034562141655305245,0.07673169280102032,0.1231,0.2216,16.9088,18,13
CDW,HOLD,61.5,0.36995331766837414,1.0,0.7981711525189786,0.3211636885637738,-0.0938859478050098,0.16906532282170508,-0.10883694296687652,-0.03093539930783462,0.2555,0.2902,27.0153,18,14
PAYX,HOLD,61.5,0.5639612225096757,0.9290230933590558,0.6406314699792961,0.33835911313743705,-0.029111317401261383,0.32454837303608847,-0.03395207578461579,0.18192048519167214,0.179,0.1513,28.2412,18,14
IT,HOLD,61.4,0.7404383174431981,0.9256879318645785,0.6414423740510697,0.07362252580715456,0.11377603832553884,0.34694068895648733,-0.012760346321248783,0.3681999378666022,0.2002,0.272,27.8315,18,14
RTX,HOLD,61.3,0.5783823618003342,1.0,0.4061249137336094,0.585958776129864,0.024855773062907094,0.1744017275460176,-0.020287063205945866,0.12647735953951156,0.0556,0.137,14.1348,18,13
ZBRA,HOLD,61.3,0.6011795960976756,1.0,0.7296756383712905,0.06964688538261918,0.035515307279116115,0.16003776864917962,-0.002497431762821245,0.1389052873036002,0.2136,0.2971,22.1018,18,14
MRK,HOLD,61.2,0.6405815625395893,0.914514565726698,0.6758971704623877,0.16915121263733096,0.0324167376533242,0.27943042407708796,-0.04977778360174556,0.2021082481405071,0.1347,0.1834,29.0932,18,13
CTAS,HOLD,60.9,0.5491982790783043,1.0,0.5427881297446515,0.4075855915103948,-0.0038059585473390056,0.17535800800679804,-0.02414720117862601,0.09177809405440829,0.0855,0.1364,21.2074,18,13
WDAY,HOLD,60.8,0.4913250107885785,1.0,0.7651138716356107,0.15439063526003838,-0.0006749811418748086,0.30130083853735196,-0.05171739918395879,0.02460573468333127,0.2124,0.3149,20.6923,18,14
MSCI,HOLD,60.7,0.5828423984827833,1.0,0.5081780538302277,0.40048967131727736,0.015882839451736297,0.24375175266754526,-0.018493484626398216,0.11124246557676265,0.0434,0.3092,11.8151,18,12
MET,HOLD,60.6,0.3784991428112257,0.8302371738191175,0.5938405797101449,0.7417860360244066,-0.043267700597467096,0.2682705195925779,-0.1445682756758786,-0.10044571182937334,0.0741,0.2907,15.0419,18,12
UHS,HOLD,60.4,0.5204313418987803,0.9732099544040443,0.6177708764665286,0.33893156654049245,-0.004896757014684394,0.23256282521946428,-0.025284393186551735,0.06074909704020004,0.1192,0.2343,16.4329,18,13
NXPI,HOLD,60.4,0.5102444567670591,0.6141782193401412,0.6794685990338163,0.6191086624430325,-0.01639756669823711,0.17333443017813294,-0.03551700052745743,0.07080269675352435,0.1852,0.1598,37.4182,18,14
LIN,HOLD,60.4,0.3860841013964,1.0,0.5257246376811594,0.652416089374676,-0.09918440954205832,0.2950582188450659,-0.11905841207890178,-0.005488463892847517,0.0799,0.153,20.5605,18,12
MSI,HOLD,60.3,0.46153653169597114,1.0,0.7614906832298136,0.1805074998644622,-0.05509313319670461,0.2053531840187553,-0.06200213670772048,0.040657502027930725,0.2466,0.2388,25.2212,18,14
L,HOLD,60.2,0.43610556777791654,1.0,0.6691338854382332,0.35061236252573763,-0.02182178424585568,0.2617713499013645,-0.1052356913135093,-0.03213189523451654,0.0882,0.2261,12.0592,18,12
FOXA,HOLD,60.2,0.5166706028674185,1.0,0.4858695652173913,0.508494480203442,0.010578334390976885,0.14283148979331803,-0.05916383808681569,0.049937851363073604,0.0656,0.1258,24.6622,18,13
CFG,HOLD,59.9,0.6631806577836279,0.9711281023333134,0.5005866114561767,0.2794593685660372,0.03141963893430577,0.2884564522319359,-0.024663720988961302,0.321954181225269,0.0383,0.358,17.3968,18,12
LYV,HOLD,59.7,0.6345583199825242,1.0,0.6305555555555555,0.0882528563776751,-0.004836772785473564,0.18491733253030043,-0.010194753007215396,0.25616649725781626,0.1661,0.18,16.5263,18,13
WDC,HOLD,59.6,0.7594573084436418,0.529682199935861,0.638871635610766,0.3518882523625701,0.18460937741922723,0.22977823078022144,-0.0021928389687631,0.201981687783093,0.2274,0.2324,47.6709,18,14
MSFT,HOLD,59.5,0.49371379455907355,0.9346558131119471,0.7342132505175984,0.19907066766621273,-0.04239019617213646,0.15559878646210162,-0.04826835328342638,0.06431575935218692,0.13,0.43,33.0,18,15
CBRE,HOLD,59.3,0.6844626066729258,1.0,0.33450655624568665,0.4342100315175789,0.22828792482667404,0.2734251309557599,-0.05049514137538458,0.045959247213957055,0.035,0.3024,30.4082,18,12
OKE,HOLD,59.3,0.44238968385089344,1.0,0.6824534161490684,0.27648243136965966,-0.049976447754740305,0.24300244516804498,-0.0819131078975649,0.01281129600591946,0.1117,0.215,9.5498,18,12
EMN,HOLD,59.1,0.5737436627403003,1.0,0.3057625948930297,0.6339648395331817,0.005625840794195147,0.16395185122602476,-0.02488178494045279,0.16209503926412372,0.0169,0.0766,16.4035,18,12
GOOGL,HOLD,58.9,0.4205447291313238,1.0,0.7232574189095928,0.22745140636237796,-0.06754690453984413,0.21747511386222204,-0.09784303030307129,0.03320484716087835,0.17,0.2516,26.3667,18,13
BX,HOLD,58.8,0.5872213153216517,0.9992292076398681,0.45695307108350586,0.3760277360061138,0.03753947955700809,0.3657256076572796,-0.007817344000341397,0.11247905486374543,0.0184,0.2844,10.4529,18,12
SNA,HOLD,58.7,0.589900461537687,0.8070075436512496,0.598136645962733,0.34477319025547715,0.004548118511457089,0.18352797526169978,-0.018746496701970927,0.14340761933412216,0.1002,0.143,15.6947,18,13
ITW,HOLD,58.7,0.6234430318399065,1.0,0.4453416149068323,0.33193216600751047,0.011779969172448723,0.1976165176710339,-0.01456076882057078,0.21379104533694038,0.0683,0.1279,19.763,18,13
MMM,HOLD,58.7,0.6566583378301276,0.9060988914224154,0.581504485852312,0.17213323225011848,0.018177618899694048,0.26717465316769395,-0.03225460054727802,0.19454709096441747,0.1143,0.0758,23.3622,18,13
BRK.B,HOLD,58.6,0.5815143136772479,1.0,0.4754313319530711,0.34409186971937744,-0.00014118849827293722,0.2712287782608972,-0.019847062602721954,0.19192642083670852,0.0346,0.3367,16.661,18,12
PPG,HOLD,58.6,0.7850320850517695,1.0,0.4916839199447895,0.016462625009895267,0.07071446345915211,0.25060266717837076,0.0,0.5439966930314789,0.0602,0.1635,14.3608,18,12
NKE,HOLD,58.6,0.4125470939592295,1.0,0.3158385093167702,0.8358152331069276,-0.10801591723739479,0.39141567161724394,-0.13510168220366758,0.07766207477390707,0.0255,0.148,28.0468,18,13
HD,HOLD,58.4,0.532551387832999,0.9990266853910673,0.6487750172532781,0.14812817317946658,0.017849806012282254,0.16145572311701298,-0.044921325718352834,0.06991994646534472,0.1454,0.1213,25.2709,18,13
VRSN,HOLD,58.1,0.5331040550885362,1.0,0.5113526570048309,0.3393411261818085,-0.02801124383434217,0.21635832912026773,-0.038716681361483096,0.19725123916915577,0.0852,0.1707,38.843,18,14
DAY,HOLD,58.1,0.47359059992318914,0.9995281389681396,0.517287784679089,0.41772779449098885,-0.05191262129885643,0.15723512460644712,-0.05593255931634444,0.049620915180684455,0.0677,0.1352,17.7357,18,13
CSCO,HOLD,58.1,0.44793550511364544,1.0,0.7665286404416838,0.08539447076120127,-0.04980295577628069,0.21499088445466,-0.08923791382807367,0.0011969919037322363,0.2799,0.3398,47.5657,18,14
MRNA,HOLD,57.9,0.43896704962664046,1.0,0.6417184265010352,0.27570991567434716,-0.07499049023282345,0.40451913224289093,-0.12192038839809893,0.2058861099658803,0.1255,0.1145,18.1883,18,13
PYPL,HOLD,57.9,0.36243075992314316,0.9952439483122029,0.6022084195997239,0.45036803128436853,-0.10300828751675473,0.3846546888038641,-0.11873383682749361,-0.053909740223374136,0.0847,0.3001,16.8777,18,12
VLO,HOLD,57.8,0.6042074687294292,1.0,0.5982229123533471,0.08559020563169707,0.06633387743531838,0.2623583273139582,-0.04030037940249909,0.10135400719141485,0.0896,0.0798,12.2394,18,12
INTC,HOLD,57.7,0.7490834154199447,0.4688600644301151,0.7703588681849551,0.1377311050157942,0.12215529897058008,0.49438502463799955,0.0,0.4965189278756791,0.2653,0.2384,25.3544,18,14
PARA,HOLD,57.6,0.6660203620563964,1.0,0.2990338164251208,0.43073094765868214,0.10001189091036689,0.2654439370256905,-0.02597492117138045,0.1473214336482248,0.0389,0.149,22.2277,18,13
ODFL,HOLD,57.6,0.35254753279314344,1.0,0.629399585921325,0.40811385863625105,-0.03392298570372232,0.3671977644238778,-0.15046838723064226,-0.048772368074585515,0.1153,0.1464,15.5786,18,13
HAS,HOLD,57.6,0.4101068035400529,1.0,0.6562974465148378,0.27920069918825435,0.00467791742921686,0.24797483928795594,-0.14636854339304228,-0.04455678734917623,0.1166,0.1661,16.1105,18,13
LYB,HOLD,57.5,0.6227811400377176,0.8546466712292051,0.3513112491373361,0.558758873277558,0.09619887882056588,0.3007797401846022,-0.008624737890345902,0.09616593809533669,0.0303,0.1452,18.8455,18,12
CNC,HOLD,57.3,0.4463543918504787,0.9000000001159727,0.5179434092477571,0.5192227286829821,-0.08688048291391337,0.21013590805679708,-0.10019378228470688,0.10268245443537183,0.1058,0.1775,27.693,18,13
UAL,HOLD,57.1,0.44970353802438323,1.0,0.5629917184265011,0.3342301597781315,-0.03905762233798005,0.19625593332101815,-0.09528326485744498,0.026390644781064787,0.0916,0.1581,24.6033,18,13
ENPH,HOLD,56.9,0.4391716135782125,0.9221257114429191,0.5015873015873016,0.5127454653432797,0.003689101317739585,0.32832109687679456,-0.11780193326142396,-0.03783417917502585,0.0816,0.3463,41.2537,18,14
CHTR,HOLD,56.8,0.3607198486452548,1.0,0.6255866114561768,0.3613302299000625,-0.052121333345981125,0.3882321696858306,-0.1728950168426654,-0.1310632068728278,0.0994,0.2094,29.0821,18,13
ED,HOLD,56.7,0.6359272342201574,1.0,0.4989130434782608,0.13185151217202087,0.03879234997404546,0.38289712602049153,-0.06853755578074805,0.20189267838542968,0.0571,0.2408,18.1535,18,12
CPT,HOLD,56.6,0.5482170933020112,1.0,0.476984126984127,0.292603978958452,-0.012537051704545221,0.20307218430088123,-0.037120085673087666,0.15069930968921919,0.0855,0.3032,31.6047,18,12
JNPR,HOLD,56.6,0.5000533514918626,0.49999206666410095,0.6810904071773637,0.5573032233756319,0.04892451527468289,0.2575760223456929,-0.09770191261856132,-0.007140682072559024,0.1226,0.2993,47.8593,18,14
NVDA,HOLD,56.3,0.7006405915279165,0.39657537123527786,0.8010351966873707,0.16492187141237707,0.10435790008940082,0.17683862720116195,0.0,0.2325683028513449,0.55,0.53,60.0,18,17
MA,HOLD,56.2,0.49546287830522084,1.0,0.46549344375431323,0.36695708659772847,-0.039743816524393516,0.23413429946228223,-0.06941371286947273,0.12367647853069996,0.0404,0.3006,17.0283,18,12
PNW,HOLD,56.2,0.5725998054625514,1.0,0.36704623878536924,0.40199892011123656,0.04031761105126952,0.3072833283823399,-0.043979919714227544,0.046082074460986,0.0355,0.1712,19.9289,18,12
DAL,HOLD,56.2,0.4239792725256685,0.959345957826967,0.6559868875086267,0.23205774334051066,-0.06327339965594769,0.18542596158683033,-0.094911613373443,0.010050499632981658,0.1142,0.1476,16.0306,18,13
V,HOLD,56.1,0.7745752660144897,0.5000008077013111,0.67851966873706,0.12623170767920142,0.10492145211393744,0.31550516826933134,-0.010468551810218885,0.3492460932039788,0.0889,0.3469,14.2888,18,12
GS,HOLD,55.9,0.6230825851494484,0.8306489771316654,0.5635265700483092,0.18688415907582295,0.09391543381318113,0.26311596077897975,-0.0076860579074082835,0.09507931204908282,0.0612,0.3291,11.3613,18,12
AVY,HOLD,55.9,0.7752152812015319,1.0,0.2588336783988958,0.24254853705451973,0.1381667588645159,0.27595632708648493,-0.011410232878720228,0.2639173882265532,0.0192,0.0916,22.5457,18,12
CMS,HOLD,55.8,0.643317266799759,1.0,0.30101794340924776,0.3746894470466467,0.08302221168403379,0.3254409714629002,0.0,0.12467028398553148,0.0278,0.2189,18.2777,18,12
AON,HOLD,55.8,0.4420262320588346,1.0,0.6920289855072463,0.08909754933766767,-0.06788581540371308,0.3208367268512942,-0.10425123479460097,0.03375394791844577,0.1009,0.3672,10.9004,18,12
GOOG,HOLD,55.8,0.5450257314835986,0.49676927373353036,0.7523636991028295,0.34568576212590185,-0.00952345943806654,0.193342317763135,-0.033894509371052095,0.10789216051607153,0.1499,0.2464,17.3494,18,13
AIG,HOLD,55.6,0.5316980642066382,0.963734522293909,0.6487922705314009,0.043615996289365855,-0.014644142922819015,0.16645619288574423,-0.022090463700389695,0.1002394736196931,0.0752,0.2395,10.6392,18,12
APA,HOLD,55.6,0.36990087417848944,1.0,0.6026742581090407,0.3195221512360323,-0.03123652766010665,0.3256636954139229,-0.1521255344895669,-0.04493165061435411,0.0771,0.2055,12.7782,18,12
GPC,HOLD,55.4,0.6850376765202539,1.0,0.39853347135955836,0.14505270075247195,0.09151110580312083,0.2276044283170989,-0.0071255177773607015,0.201599209790276,0.0476,0.1723,21.8615,18,13
LDOS,HOLD,55.4,0.554104836421714,0.6151120208696079,0.7340407177363699,0.22262177503015995,0.0418165195310507,0.3200308697222204,-0.0361140223729044,0.14927656719284854,0.1755,0.3359,26.5666,18,14
MCO,HOLD,55.4,0.6498765140388152,0.09671483400107495,0.6749482401656315,0.6840314137970792,0.05216212916325458,0.1724297125844294,0.0,0.19351153430748058,0.098,0.376,12.7304,18,12
DXCM,HOLD,55.4,0.5571980303808457,1.0,0.6218599033816425,0.003476546891880122,-0.008122379308766137,0.19935171477073294,-0.04894811826517598,0.16796740603532745,0.1327,0.2556,28.1216,18,13
WBD,HOLD,55.3,0.2171700093829968,1.0,0.7864044168391995,0.25714768504915386,-0.08398074301621661,0.35443569800491176,-0.24569647369768988,-0.15637329584622206,0.1497,0.2497,17.8315,18,13
LNC,HOLD,55.1,0.9978655700188379,0.22982912736671718,0.5695307108350587,0.17231927372990347,0.2682132761795806,0.3325941398924713,0.0,0.6593965430522847,0.0764,0.2458,17.3721,18,12
CDNS,HOLD,55.0,0.4314186390923435,0.89273462126547,0.709368530020704,0.14733544434600115,-0.09641443217276657,0.23490683453795655,-0.09641443217276657,0.02552187099683534,0.1535,0.2659,37.8792,18,14
RJF,HOLD,54.9,0.6687164309505009,1.0,0.35248447204968947,0.21263265400299527,0.031161520492920758,0.2252691927570834,0.0,0.29954894469339666,0.01,0.2396,10.5851,18,12
FTV,HOLD,54.9,0.6624954348800228,1.0,0.4445824706694272,0.0862651064911077,-0.013701759985544903,0.3200073298886053,-0.03439068091992892,0.4247005405300809,0.0988,0.0832,22.9095,18,13
USB,HOLD,54.8,0.6727945167667648,0.9537951722189177,0.5168909592822636,0.0026525036778287884,0.08872989484059013,0.20748636198471163,0.0,0.23824034291288732,0.0372,0.2854,11.7286,18,12
SPGI,HOLD,54.8,0.4290072426459577,1.0,0.42506901311249135,0.45831528726026927,-0.07219993632481891,0.21437278312747157,-0.1093579313340971,0.011955139819420646,0.0245,0.2243,13.1287,18,12
MPWR,HOLD,54.8,0.38592104341025746,1.0,0.7342305037957212,0.05865331770802861,-0.018803071647021996,0.2832585072803359,-0.15877739503533383,-0.0918460136685848,0.2221,0.2089,21.1442,18,14
COF,HOLD,54.7,0.8278642087550808,0.5000006705779373,0.5911145617667357,0.10562324403334163,0.12002170930870548,0.23757247436165002,0.0,0.5166855039878103,0.0795,0.2948,10.9739,18,12
BLK,HOLD,54.7,0.42804170176688305,1.0,0.4136645962732919,0.4740902538008315,-0.07851445914769684,0.3494200861850343,-0.09196032451958136,0.06694446393674702,0.0164,0.2622,14.7348,18,12
TGT,HOLD,54.7,0.5364137130119394,0.9903009600405555,0.587991718426501,0.05868989453904867,0.04928864634629759,0.2567089647151575,-0.05927784104954836,0.019727527448558768,0.0885,0.2106,25.8289,18,12
AES,HOLD,54.6,0.5434361758469692,1.0,0.3020013802622498,0.4617066499554223,0.04130778097416221,0.17807722895519643,-0.03816260800458626,0.014219739068291881,0.0227,0.1893,20.1985,18,12
BKR,HOLD,54.5,0.4232635605958968,1.0,0.6636645962732919,0.09607713247969715,-0.08901512107198628,0.2121367257900735,-0.1019394151384263,0.06597391106852435,0.0978,0.2177,12.5587,18,12
GPN,HOLD,54.5,0.3624996616919255,1.0,0.7631124913733609,0.03831751185368631,-0.027059862723864847,0.5096319963126246,-0.14451261499713153,-0.042448609590015396,0.0995,0.3715,11.9539,18,12
BWA,HOLD,54.5,0.26142012901533523,1.0,0.5309178743961352,0.5389063955767991,-0.09062531124888062,0.42966332999819673,-0.21653165442456768,-0.1064026929010855,0.0839,0.0829,16.0066,18,13
DIS,HOLD,54.5,0.6494366364827899,0.504501251856111,0.6970496894409938,0.20067255713542675,0.002859165392008922,0.41711740366841954,-0.048705629854394084,0.44604982067635135,0.1258,0.2621,17.7759,18,13
ANSS,HOLD,54.4,0.36741110838551244,1.0,0.7180814354727397,0.0924090180373621,-0.06793971980327718,0.3653092570571408,-0.14225704835493413,-0.07138403653034586,0.2217,0.1783,32.8921,18,14
BEN,HOLD,54.3,0.3861350483229432,1.0,0.5692028985507246,0.2796291779196244,-0.09620931501738084,0.29441933831685074,-0.1396059526120379,0.10590885446994747,0.0667,0.3512,16.5326,18,12
PRU,HOLD,54.2,0.5407118316272619,1.0,0.5010524499654934,0.14588433758648103,-0.03888125198471426,0.2330065366960558,-0.042114880850213976,0.20025400249111314,0.0499,0.2912,15.3635,18,12
FDS,HOLD,54.1,0.6140121012312679,0.9035112839294384,0.5845583160800553,0.0013964014359783728,0.06895476551882385,0.24383410366711566,-0.01714614983756113,0.09124688233215006,0.0641,0.3676,17.0979,18,12
FANG,HOLD,54.1,0.8005965677576306,0.9209651160048951,0.33716356107660456,0.07867138058258716,0.18311748803698014,0.3598725411891952,0.0,0.282244915551929,-0.0405,0.1784,14.5211,18,12
DFS,HOLD,54.0,0.605969218467324,0.49999343416733094,0.6604209799861974,0.30069584268943583,0.04690805657534103,0.22938380875154527,0.0,0.16510085719812595,0.0874,0.3359,17.2968,18,12
IP,HOLD,53.9,0.5834608723984462,1.0,0.4967391304347826,0.07689271425763716,0.008513345145323648,0.26726335322748374,0.0,0.18513837032189373,0.0727,0.1592,22.8495,18,12
CLX,HOLD,53.8,0.655836406710856,0.5015338953609517,0.4181159420289855,0.5756747856635225,0.0991799571922769,0.36568496082002966,0.0,0.22929070237608162,0.0546,0.1519,26.638,18,12
MU,HOLD,53.8,0.5955412381470668,0.6027121016685483,0.6884575569358178,0.16316156991883826,0.019428869206091104,0.34191176317010924,-0.02919321106047812,0.14269401334550558,0.1512,0.307,20.8012,18,14
PANW,HOLD,53.8,0.36757406000168674,1.0,0.631608005521049,0.19019404561067058,-0.06089492011682962,0.21255495401991906,-0.12577185088041132,-0.0211159861186484,0.0927,0.2975,24.913,18,14
D,HOLD,53.7,0.3751051120098829,1.0,0.45503795721187024,0.44036767259805715,-0.05668743872310911,0.1300264066618265,-0.14320862187996797,-0.008552666809815701,0.0489,0.2461,19.1812,18,12
VTR,HOLD,53.6,0.5797707722571763,0.9887708992487059,0.44277087646652863,0.15749427772656532,0.09325335222719633,0.3197847636296826,-0.04828259621968978,0.10002730446169694,0.042,0.3548,20.1931,18,12
ACGL,HOLD,53.6,0.3887875658732739,1.0,0.673464458247067,0.08441711103584762,-0.07795083564839178,0.23762562885692867,-0.10898607622646683,0.013816219602218016,0.1063,0.3683,10.2079,18,12
ORCL,HOLD,53.5,0.44589175416670435,0.825674079339767,0.7331608005521049,0.08060234732890809,-0.04256196765896947,0.26181184220443593,-0.09989540068706493,0.06324179187181012,0.2198,0.2813,41.853,18,14
UNH,HOLD,53.5,0.6500590396113679,0.459913720086012,0.4566252587991718,0.5537793649810099,0.07922355739736675,0.2602554792237929,-0.021946173121945023,0.20923317204470904,0.0783,0.1095,25.3262,18,13
AXP,HOLD,53.5,0.5686635023476225,0.4999999999977576,0.6479986197377502,0.3523382652993561,-0.0026278659952008177,0.20994375692251643,-0.022676392206604556,0.08699845525258165,0.0989,0.3495,15.988,18,12
DLR,HOLD,53.4,0.6420727681575951,1.0,0.46901311249137334,0.000913459512803837,0.07701571612891622,0.27943964256711973,-0.002149485803053741,0.1400088052389067,0.056,0.3716,21.8656,18,12
RHI,HOLD,53.4,0.3102981225545034,0.8783538393485595,0.5584023464458248,0.48746179240117943,-0.035167545444549475,0.30611054504174906,-0.17820672213362376,-0.08195545316666752,0.0909,0.1736,19.0128,18,13
HAL,HOLD,52.9,0.6032216027346617,1.0,0.23792270531400966,0.38268044250723116,0.02113995552961434,0.2042552109136229,-0.019511968950146064,0.1930215917135164,-0.0417,0.0711,15.5767,18,12
APH,HOLD,52.9,0.6162653192330817,0.5029056942446402,0.7471014492753624,0.09591420242263442,0.08347947706825187,0.20879593407098057,-0.02423336325597103,0.11225007182431124,0.2169,0.2436,21.8635,18,14
O,HOLD,52.8,0.6149105042328907,1.0,0.36670117322291235,0.16996166183933392,-0.012846341278134332,0.3550817007210755,-0.026531028813572943,0.2831781701944497,0.0418,0.3532,22.9265,18,12
AEP,HOLD,52.7,0.5500880352673686,0.9001261375144354,0.3974292615596963,0.3111890869667492,0.008984701866260103,0.3159236623104952,-0.015506905330735066,0.11609998167798119,0.038,0.1659,14.4395,18,12
ABBV,HOLD,52.7,0.5205835437110088,0.8440447240793414,0.6213768115942029,0.07992881621049377,0.02072968448226531,0.17521357882803312,-0.03924364694273663,0.05614044084116032,0.1381,0.1577,26.5518,18,13
VTRS,HOLD,52.7,0.5174992115316023,0.8999894300426037,0.429296066252588,0.3132211872828721,-0.014166761898512958,0.20726408144000164,-0.03194176323888476,0.09228357392515829,0.0283,0.1829,19.3113,18,13
NVR,HOLD,52.6,0.5919793016978048,0.74580857500396,0.5474465148378193,0.17386234666186104,0.017781687962101334,0.22030799200105158,-0.011702106138562929,0.12655021824562207,0.0964,0.1301,19.1378,18,13
VMC,HOLD,52.5,0.6536108225448649,0.762629962555359,0.40897170462387855,0.26944478871360417,0.12648568851830633,0.4192064281544534,-0.050725465955279936,0.18482373725916068,0.0382,0.1264,16.3104,18,12
COR,HOLD,52.5,0.552007447870243,0.49732127991397074,0.5991200828157349,0.4007617791444925,0.013631098322179014,0.30597482827472194,-0.03173083908590346,0.14641261594159827,0.1393,0.1574,19.2353,18,13
ADI,HOLD,52.5,0.23041723680959383,0.8464343756289796,0.7100586611456177,0.36904703465453437,-0.14208275120812486,0.2868489634788108,-0.23932750775485356,-0.00702161319154615,0.2601,0.3313,47.1686,18,14
NDAQ,HOLD,52.4,0.4692772106640704,1.0,0.5628709454796412,0.07283557850964634,-0.01155065909658648,0.3428455342299446,-0.09719816371907009,0.060043221653441226,0.0775,0.3496,17.2238,18,12
ALK,HOLD,52.4,0.724527819604012,0.5478521341362016,0.4450310559006211,0.31995681804259424,0.1442801885313565,0.311011339035169,-0.021747997802896935,0.0831444423155302,0.0708,0.1085,14.9129,18,13
DD,HOLD,52.3,0.5177209403228181,1.0,0.36492408557625944,0.29118459396417645,-0.01484979452326951,0.27735157214866324,-0.02622728576183997,0.10820026955880191,0.0386,0.1324,18.964,18,12
OGN,HOLD,52.3,0.43423730327994203,1.0,0.4606280193236715,0.27334639051631715,-0.040170118501318686,0.3547721885095562,-0.09699047365812818,-0.023732837858170708,0.0771,0.2372,21.1223,18,13
ECL,HOLD,52.3,0.5822028786422115,1.0,0.3827294685990338,0.16519222077184995,-0.04597735636332123,0.24956709394870905,-0.04597735636332123,0.24597743230649394,0.0359,0.1852,15.5521,18,12
MS,HOLD,52.1,0.5291668261279097,0.6204777734489619,0.5386128364389234,0.38169276366015914,-0.0326785527864355,0.22146788690273042,-0.061914787831453544,0.18873849226873107,0.0439,0.2569,10.7351,18,12
WRB,HOLD,52.0,0.6505551309240817,0.9565666002010376,0.4404416839199448,0.005769317110782888,0.06489853275919932,0.18356896016287502,0.0,0.20771604380821895,0.0257,0.2451,15.4157,18,12
KMB,HOLD,51.9,0.48622194883004805,1.0,0.48479986197377506,0.13900244104015244,0.01501045823729763,0.3347986965060574,-0.06913523101140473,0.06519238351603429,0.0668,0.1795,19.8452,18,12
JBL,HOLD,51.7,0.5543845834665686,0.5097799629350984,0.6605590062111801,0.2538865898924953,0.04196833740490913,0.25639676379619497,-0.054342896407425734,0.1261026057285336,0.2572,0.2632,34.3438,18,14
UBER,HOLD,51.7,0.5760677007509482,1.0,0.47698412698412695,0.005744471170297493,0.009958828970977773,0.231029477922217,-0.04444396262321326,0.22900286638096412,0.076,0.1038,22.8731,18,13
MCK,HOLD,51.6,0.4836598329199081,0.9637297269020717,0.5911663216011042,0.005092099801487917,-0.05280423532123901,0.21551702494050076,-0.0670499639442238,0.08151411636279804,0.1357,0.2248,18.8147,18,13
DRI,HOLD,51.6,0.46855379682786313,1.0,0.40155279503105595,0.2727574017820723,-0.07121514813666407,0.30198478191133793,-0.084018067982641,0.13645307735141865,0.0463,0.1022,20.4629,18,13
EOG,HOLD,51.6,0.49290488902693347,0.8322589462386039,0.5998274672187716,0.10924116480721638,-0.0367837620814242,0.16994869472762547,-0.04273876430827839,0.052418359514887936,0.1068,0.1936,8.9912,18,12
ALB,HOLD,51.6,0.433647962154964,1.0,0.44975845410628024,0.2532352042898071,0.09190508934519359,0.3256973919164125,-0.2290829197558445,-0.14681514677317253,0.0703,0.1489,22.6474,18,12
MMC,HOLD,51.5,0.5452213262317737,0.6688894288224935,0.6792443064182194,0.06842743894632956,0.00021250255475013802,0.2126480372290109,-0.02379105155729888,0.11516627537073931,0.0931,0.2647,11.2201,18,12
IDXX,HOLD,51.3,0.6871134570114119,0.02296425092452553,0.6475500345065562,0.5418594552946971,0.0913199397665827,0.2857918315172112,0.0,0.3675008898916631,0.1136,0.2555,22.1786,18,13
TXN,HOLD,51.3,0.260604997926313,1.0,0.7621808143547274,0.03187000944336725,-0.13775028299906644,0.38717517808407426,-0.16637104017861126,-0.06883004009107707,0.1676,0.3299,25.5526,18,14
FIS,HOLD,51.3,0.3205883724129183,1.0,0.7050724637681158,0.026961878760912508,-0.1080907484962127,0.4061269465679788,-0.15087320821040762,0.004602723614673621,0.2389,0.1903,42.5024,18,14
LRCX,HOLD,51.3,0.37787000683838645,0.3226923671212377,0.6246549344375432,0.7375320620446001,-0.10398100315015313,0.1786609738681436,-0.12511037013265647,0.014844246792388494,0.1663,0.242,26.9266,18,14
CI,HOLD,51.3,0.5426835837627124,1.0,0.45602139406487235,0.06594544584575657,0.023984140829017342,0.2319522342001807,-0.03207986370747218,0.07191542590618061,0.0648,0.1729,18.6284,18,13
HLT,HOLD,51.2,0.46296189720443914,1.0,0.5502933057280883,0.03951477079486331,0.004484382679950993,0.18133838220736814,-0.09894063285729238,-0.01527735152263443,0.1022,0.1545,29.6874,18,13
DECK,HOLD,51.2,0.30991130740089745,1.0,0.47267080745341616,0.38825079537415036,-0.06293656941913661,0.16480335419336872,-0.18036262154771254,-0.12800829636116606,0.0778,0.0631,27.098,18,13
BXP,HOLD,51.2,0.3961602526106513,1.0,0.43959627329192547,0.30656174097897154,-0.016554161496100783,0.3496208208244796,-0.15688339380018257,-0.05890365711414591,0.0874,0.2698,32.4662,18,12
SNPS,HOLD,51.2,0.5342811119511677,0.0,0.6809006211180125,0.7385929130242135,0.01876414477626298,0.31341121013357764,-0.03321024704209019,0.06979701652525139,0.17,0.1901,45.0489,18,14
DPZ,HOLD,51.1,0.4374044860474938,1.0,0.4018461007591443,0.29534967251626104,-0.0851941267706895,0.21461946799301482,-0.11951097934559829,0.1320064314277195,0.0573,0.1597,25.002,18,13
PM,HOLD,51.0,0.6301393889655895,0.9686374609153747,0.3559351276742581,0.10435530899095408,0.021169977024180664,0.3939871849838019,-0.07337780841863895,0.6075741186006641,0.0345,0.1341,18.1278,18,12
T,HOLD,51.0,0.5759731975249018,0.4999998165830764,0.7256383712905452,0.09963185104994457,-0.001013182034650173,0.19025414682911235,-0.023246986970824945,0.18659951894912863,0.1321,0.1765,18.2377,18,13
GILD,HOLD,51.0,0.4491878347347218,0.8308848011469352,0.5207384403036577,0.26493884556295816,0.02345547950250726,0.33367870455663146,-0.12188070069528478,-0.036164422927253304,0.1011,0.1034,21.3835,18,13
BDX,HOLD,51.0,0.6011910048667325,0.8938261662015459,0.40096618357487923,0.1536052001917991,-0.012710140666387537,0.2175976415533991,-0.02891939360316642,0.2770426652734971,0.043,0.1385,18.3362,18,13
HES,HOLD,50.9,0.4548673021873074,1.0,0.27465493443754313,0.45296473358026784,-0.04972715381401449,0.21444325903647649,-0.07435515142739602,0.10966959781840357,-0.0546,0.1283,14.4528,18,12
LVS,HOLD,50.8,0.47509487327478234,1.0,0.48892339544513463,0.09633244599024027,-0.0026524022332898856,0.3542962765128138,-0.08676541574778662,0.029971156434307256,0.1113,0.0841,28.553,18,13
DVN,HOLD,50.8,0.5822757518663251,1.0,0.35267425810904074,0.13802533876468076,0.008171529249445086,0.3299892841471723,-0.03602154286026604,0.1421654054386391,0.0047,0.1075,15.2991,18,12
RSG,HOLD,50.5,0.5036468133399585,1.0,0.48253968253968255,0.04349303147381395,-0.02785875067489474,0.16563903839474334,-0.05543206728157113,0.08838192943941159,0.0974,0.0793,17.6537,18,13
ISRG,HOLD,50.5,0.8243085645576331,0.0,0.6795031055900621,0.26903731328403835,0.17384567939494433,0.36085449341998144,-0.012599349984620756,0.4228904370957939,0.1158,0.203,14.8786,18,13
JPM,HOLD,50.4,0.4754297225323494,0.40077848732092247,0.6632332643202208,0.4124313290938012,0.04026026109974157,0.2033251699987199,-0.10774012717297354,-0.017278800714182196,0.0763,0.3785,12.408,18,12
ADP,HOLD,50.2,0.5810406104659687,0.5002966462975793,0.7022429261559696,0.08417399809484441,0.04982145985344677,0.2515469187418221,-0.03798966320240782,0.10281560683654611,0.2461,0.1596,23.0786,18,14
KMI,HOLD,50.2,0.5254967836254425,0.47146457091563565,0.6120600414078675,0.33255648267662274,-0.03157393126998642,0.19060821344495335,-0.0349964469543117,0.10045395780711275,0.0767,0.1305,11.4246,18,12
AKAM,HOLD,50.1,0.2111074794386466,1.0,0.7041235334713596,0.13353577723952395,-0.1363525896465715,0.27370172921281616,-0.24763317127342566,-0.1830600879464086,0.251,0.2959,42.3,18,14
EXPD,HOLD,50.1,0.44458921929936857,0.8536488807113025,0.3684782608695652,0.4338294706124244,-0.057447532309388705,0.22533166483088404,-0.08226482251875078,0.06372787251579937,0.0313,0.1684,19.75,18,13
MAA,HOLD,50.1,0.5894067053493931,1.0,0.32456866804692897,0.13487237130982033,0.00022182803578818522,0.21188318298092615,-0.027453081943275004,0.20134249608428745,0.0318,0.3509,33.8991,18,12
IQV,HOLD,50.0,0.5600722467798862,0.29761874367959185,0.5708764665286405,0.5056694721094841,-0.017742393798135803,0.33897565120461337,-0.032085439241380076,0.2029564357686774,0.1265,0.1404,17.4446,18,13
FRT,HOLD,50.0,0.46068857215503084,0.8844554630834737,0.515200138026225,0.15118964719849132,-0.026070878726593527,0.25826011996788417,-0.06285103121132807,0.06169560662816753,0.0897,0.3707,23.9066,18,12
ERIE,AVOID,49.8,0.6026957804487268,0.6487792414299716,0.4537957211870255,0.2543762187866995,0.05852834272380569,0.24971099926799487,-0.025894187821454806,0.10331285850972416,0.0551,0.3336,17.6831,18,12
ROP,AVOID,49.8,0.4979592391341756,0.6596597709830737,0.5449275362318841,0.2673570412882096,-0.01963569987071556,0.27410976814977756,-0.07040135297216399,0.12402133797140136,0.1716,0.1607,38.4171,18,14
ATO,AVOID,49.2,0.5917790903675093,0.7295662966956102,0.4234126984126984,0.20823481297937999,0.008966034511274978,0.28700278446644384,-0.04790875664081584,0.22038615532457773,0.0556,0.198,19.8965,18,12
URI,AVOID,49.1,0.32565682011376385,0.5360520054482488,0.4705659075224292,0.7255686607597787,-0.09686744923071555,0.3436150890487156,-0.1532605528456802,-0.040199480343679594,0.0844,0.0995,14.8049,18,13
INVH,AVOID,49.1,0.3624271440611295,1.0,0.4508626639061421,0.23754654441751566,-0.09106438027000185,0.26515223244675945,-0.14406346237466927,0.03104339424637892,0.0816,0.3104,34.3298,18,12
NCLH,AVOID,49.1,0.4281980860561577,0.6404958639592787,0.6144755003450655,0.25120577545947864,-0.06624901494929436,0.32184963731702015,-0.09336332131161817,0.06935036587651455,0.1407,0.0736,14.8174,18,13
ABNB,AVOID,49.1,0.5138147743319997,0.9083029449134027,0.5115251897860593,0.009942368595435382,-0.026774430449700848,0.259755877267995,-0.060780607530832476,0.13527102462682683,0.0813,0.1205,14.1763,18,13
ULTA,AVOID,48.9,0.5463007842548184,0.976384869571838,0.43171152518978606,0.001744588477670067,0.026365882301513155,0.1774652987818752,-0.05137862048336461,0.018363911468095906,0.0597,0.1362,17.1672,18,13
ICE,AVOID,48.9,0.5733198013350765,1.0,0.38488612836438924,0.009279588642857065,0.0560266522077284,0.4050929609103017,-0.09642298106329183,-0.01239955948477367,0.0195,0.321,14.7596,18,12
C,AVOID,48.9,0.5633831894795623,0.7250508572498318,0.5322291235334714,0.07745199197090531,0.008815299512797248,0.34183736200357967,-0.031414725057072546,0.13320348752636713,0.0679,0.2244,10.0573,18,12
JNJ,AVOID,48.9,0.6801311725406044,0.5124854838175749,0.49337474120082814,0.1702835058830979,0.08509934179683931,0.37776070566266784,-0.012009780061861375,0.25529291799523623,0.0738,0.1104,17.6823,18,13
PEP,AVOID,48.9,0.5273979910569713,1.0,0.28467908902691513,0.22582419650707955,-0.024882428151650093,0.21895891772970957,-0.05023684915327209,0.15794473025651612,0.0117,0.155,24.0454,18,12
DELL,AVOID,48.8,0.5369539598903221,0.5000071224090168,0.6742926155969634,0.12272431130298139,-0.012727570066828342,0.27071098778430336,-0.0516066614392644,0.21887130823799417,0.2699,0.1589,45.6791,18,14
PLD,AVOID,48.8,0.537823662215,1.0,0.33150448585231196,0.1340008926212374,-0.011933748449872827,0.276746533516781,-0.021250346826951816,0.1202397021497491,0.023,0.3534,20.2248,18,12
CAG,AVOID,48.8,0.5194030653475331,1.0,0.4094375431331953,0.04697008525243581,-0.028506586427280656,0.3333637169593078,-0.03526615812667355,0.09745815702318261,0.0258,0.2058,23.4758,18,12
ROST,AVOID,48.7,0.38777844793693705,0.4941074811973262,0.6290200138026225,0.4152045341203068,-0.1251923489999981,0.3313922211060159,-0.1440235991432952,0.09143735104415407,0.1445,0.1421,22.9434,18,13
PKG,AVOID,48.6,0.512108272058611,1.0,0.21752933057280882,0.3337667386493002,-0.02249588861360874,0.28459726713285993,-0.06165282980415643,0.19472995835766238,-0.0097,0.1223,18.6668,18,12
TROW,AVOID,48.6,0.29079765668333346,1.0,0.45139751552795027,0.31843701795790663,-0.035695167698981844,0.2682130750490754,-0.236450294107045,-0.13832973485603284,0.0189,0.3798,13.0785,18,12
GEHC,AVOID,48.4,0.5976148545483135,0.7230539897103706,0.3927191166321601,0.2112365244811043,0.028758476617729123,0.18956196673449882,0.0,0.1569708344157995,0.061,0.1086,25.831,18,13
NFLX,AVOID,48.3,0.36547013938071693,0.49656807197719566,0.5471704623878537,0.5519491350339985,-0.047943646966233655,0.2268578609100558,-0.15357942874737807,-0.0714022364533956,0.0741,0.1601,17.8304,18,13
TJX,AVOID,48.3,0.6812275443552327,0.45455760275758833,0.5659592822636301,0.08977534528818701,0.058761628094553764,0.28742743103055374,0.0,0.20527010439045845,0.1213,0.1513,19.2142,18,13
PNR,AVOID,48.2,0.2421169578858959,1.0,0.5160455486542443,0.27387693151185166,-0.08636729179973424,0.35668304828255387,-0.26194691492113165,-0.22727930769625682,0.0993,0.1182,14.8462,18,13
RVTY,AVOID,48.1,0.6826090410726178,0.0,0.7144927536231884,0.3087080463765297,0.09447392782376984,0.403210644979589,-0.014799751050726506,0.1897297774336354,0.1384,0.221,14.9306,18,13
INCY,AVOID,48.1,0.4334755371678338,1.0,0.47598343685300204,0.04172572871220952,-0.050068137470583696,0.16436222609969817,-0.09126678691737578,0.004214468140109173,0.0615,0.1548,14.5265,18,13
NTRS,AVOID,48.1,0.35613287742703603,0.782057312195217,0.6511732229123532,0.11166616748812183,-0.089143578457344,0.18892441640413035,-0.13139256974779912,-0.02879597701634995,0.1026,0.3339,15.8848,18,12
HPE,AVOID,48.1,0.6158827837250784,0.19905975460761877,0.6454623878536921,0.31384856046390747,0.047234806251234884,0.17225789128685387,0.0,0.1681529206826885,0.1093,0.2617,31.2692,18,14
LH,AVOID,48.0,0.28280986063786656,0.9749994925488157,0.6490338164251208,0.029453240094522746,-0.09841360774308361,0.39440413060796736,-0.1930242187212141,-0.11177495882046318,0.0824,0.1924,15.5384,18,13
CVX,AVOID,48.0,0.6431070446873067,0.5290776673488007,0.4807108350586612,0.1841506877567191,-0.007542615500113592,0.3267643839167314,-0.037412144112650814,0.33436955870303675,0.0564,0.1991,9.2378,18,12
AMAT,AVOID,48.0,0.4843827036671212,0.419789248278753,0.6419254658385094,0.2901341068506057,-0.0338635018768233,0.1637294596317961,-0.05481459599116989,0.05101461772008775,0.1318,0.3462,29.7263,18,14
TMO,AVOID,48.0,0.317132729137961,1.0,0.2679261559696342,0.5210119723618699,-0.15366881635084884,0.4664012310752765,-0.1767708638528257,-0.06138441462572164,0.0221,0.1176,22.6549,18,13
UNP,AVOID,48.0,0.37481348390666935,1.0,0.40771221532091095,0.2281636329758612,-0.05936556684255134,0.43057682862852936,-0.13720344501196968,0.0739353206079999,0.0387,0.157,19.9662,18,13
BAX,AVOID,48.0,0.5411260038769308,0.9053031348858482,0.3964285714285714,0.08972117808073098,-0.019687092652810767,0.23997070609715104,-0.029718482212441888,0.11576535745790684,0.0313,0.2313,15.0783,18,13
PODD,AVOID,47.9,0.4849314272977705,0.49951543447093427,0.34356452726017944,0.6521035020142566,-0.021770113994454166,0.2029122385427287,-0.05704619815172551,0.03835517703668412,0.0524,0.1335,18.9717,18,13
STT,AVOID,47.9,0.4342662730099701,0.5521582327713037,0.698895790200138,0.14278569216890988,-0.07265126374827846,0.3147589455488032,-0.08651981996417701,0.061865937735292253,0.0979,0.3313,12.6224,18,12
BSX,AVOID,47.9,0.5612346413248308,1.0,0.3559006211180124,0.019549093927405774,0.0350305499955188,0.20410140613877428,-0.04916450776877512,0.04433347639349339,0.0296,0.1007,17.5072,18,13
CCI,AVOID,47.8,0.7967735931249085,0.45879703041253017,0.41331953071083505,0.11541767822503768,0.1541225649073641,0.1910364756235921,-0.0037872290205297476,0.3346479488625763,0.0591,0.3201,28.5168,18,12
IPG,AVOID,47.7,0.5888181394340504,0.9000817410645232,0.37598343685300206,0.03951477079053046,0.015181423516071879,0.17086722161681367,-0.027392499144265336,0.12331201909811951,0.0351,0.2519,31.8697,18,13
VRT,AVOID,47.7,0.4771784876830012,0.8983094159226,0.47329192546583854,0.0613748430012976,-0.042352559213857055,0.17739028507937252,-0.06495711384708813,0.060605900224152576,0.0898,0.0924,14.7227,18,13
EMR,AVOID,47.7,0.5634423949151096,0.5389962457347223,0.5957556935817805,0.10768261887506109,-0.0036716801043461533,0.2637256981370906,-0.04403810133846131,0.16789405744330532,0.1175,0.1257,24.7355,18,13
UNM,AVOID,47.6,0.35980879536414684,1.0,0.43662870945479637,0.1860993849293784,-0.12090937134567936,0.45865416695252226,-0.1475431107439371,0.19030499517468147,0.0269,0.2834,10.3222,18,12
PLTR,AVOID,47.5,0.2538997272719983,0.4977566303871874,0.5953416149068322,0.6023350851626307,-0.1356556769532249,0.2722175696039692,-0.21296332074249402,-0.014483371737374351,0.3,0.18,130.0,18,13
ESS,AVOID,47.5,0.6419993767032158,0.4993550656180375,0.33483436853002074,0.4080407970493714,0.07524143020349361,0.20065659072400338,0.0,0.12051999740210462,0.0305,0.3682,25.9233,18,12
PEG,AVOID,47.1,0.45662659575293507,1.0,0.298015873015873,0.22344033888664652,-0.005037331300420278,0.38373317669096974,-0.10347729004917261,0.014395294943408188,0.0017,0.2299,15.0187,18,12
TRV,AVOID,47.1,0.6882368116784754,0.0,0.6388026224982746,0.3631698847031689,0.13165816922482598,0.44145172360094914,-0.013338762180242103,0.23728254138656346,0.0886,0.2284,10.0026,18,12
HOLX,AVOID,47.0,0.38801061173257906,1.0,0.418719806763285,0.14074687018850957,-0.12981149352999433,0.2986022024867959,-0.12981149352999433,0.08392293142302643,0.0606,0.1464,20.5633,18,13
J,AVOID,47.0,0.38958184619150044,0.9252944092379358,0.5491718426501035,0.019059688389537865,-0.08032979087933556,0.22797100355995353,-0.11589247918351941,0.05043332475690465,0.0782,0.1818,15.2977,18,13
WMT,AVOID,46.9,0.3860847269556294,0.6650538147336028,0.4322808833678399,0.44993815336336646,-0.0898262813594265,0.17430732079928873,-0.10166563310188559,-0.013268950639490074,0.0385,0.1663,18.8631,18,12
VICI,AVOID,46.9,0.5970665300633735,0.5048584619207392,0.43567977915803996,0.29256333698168435,0.047006268293939835,0.1667561860617311,0.0,0.06700256054879239,0.0803,0.2472,27.0014,18,12
AVGO,AVOID,46.9,0.5616908679380043,0.5564883246903538,0.5760524499654934,0.07986559999563575,0.011697320439650438,0.18198501019098837,-0.006536702499207125,0.06565168761362694,0.0887,0.2725,43.0048,18,14
MTCH,AVOID,46.7,0.09909655911603663,1.0,0.5033988957902001,0.43319323538572485,-0.17567281351981212,0.3982322945265296,-0.35292751836861835,-0.1854172991934192,0.1107,0.1386,25.0511,18,13
STZ,AVOID,46.7,0.568826163567932,0.8956008702685594,0.35012077294685995,0.06086375562450724,0.023246219776334343,0.1795813644077246,-0.01624992459892749,0.07748784014360532,0.0416,0.1531,22.2965,18,12
PG,AVOID,46.7,0.5347471335620184,1.0,0.35027605244996546,0.005249859631088443,-0.06174842492410748,0.31047206121317616,-0.0732548997960738,0.152989287600089,0.0253,0.1605,19.7042,18,12
EXC,AVOID,46.6,0.5944497983562554,1.0,0.28530020703933745,0.009236799366056543,0.05311637028556615,0.21421559674095497,-0.0011954065091571708,0.06620505832009049,0.0165,0.152,18.5666,18,12
RF,AVOID,46.6,0.4933442860417177,0.5430665899876205,0.6806418219461697,0.02684065404186742,-0.04809017447251385,0.2159858355427136,-0.060895677616405575,0.09813402215552347,0.096,0.3505,13.7471,18,12
SYF,AVOID,46.6,0.3580337224085216,0.7151108630234618,0.7145790200138026,0.00456421229625632,-0.19965319371988333,0.25822456986087755,-0.21607513876651274,0.3723941280056645,0.1086,0.3429,14.0296,18,12
MDLZ,AVOID,46.4,0.3017859923479615,1.0,0.28519668737060044,0.4406062611105377,-0.1883383657302674,0.3257782940857007,-0.21378311291711716,0.15544796028574492,0.0115,0.1875,25.9584,18,12
FITB,AVOID,46.4,0.3839447646844406,0.49986040404508364,0.734920634920635,0.14178023092468706,-0.06711677107441882,0.19125370633227814,-0.11895127374258885,-0.03320520170002572,0.0984,0.3504,11.1009,18,12
FTNT,AVOID,46.3,0.6205867119775623,0.04220518991211636,0.7158730158730159,0.269791864172261,0.06351387860322677,0.25354370389856173,-0.01802082030819696,0.11618481613636733,0.1871,0.3027,46.104,18,14
BIO,AVOID,46.3,0.35217753847662947,0.5000960820821287,0.5041752933057281,0.5314650771495141,-0.11212597704321536,0.17789223004353893,-0.12147802110427797,0.004505131255142625,0.0552,0.1716,20.1569,18,13
WFC,AVOID,46.0,0.6098477644133071,0.5224567023078354,0.5483436853002069,0.040541583624507424,0.058816279249450876,0.16526562950647486,-0.014920861615013936,0.09457817436634752,0.0635,0.3138,13.7615,18,12
APD,AVOID,46.0,0.6590440913784099,0.5077419911105083,0.26925465838509316,0.4010145872513155,0.06665835934611497,0.24879557587285903,-0.005512887110744935,0.21463145729726107,-0.0055,0.1003,15.9862,18,12
WYNN,AVOID,45.9,0.49351234928021176,0.7794441370690813,0.3845928226363009,0.19803892436756465,-0.024178295727415366,0.2610991092506519,-0.08786495562432017,-0.00655157094236436,0.0447,0.0719,19.3119,18,13
WEC,AVOID,45.9,0.32808924574092074,1.0,0.32758799171842645,0.31296614356163405,-0.07314069776825993,0.22513159187135534,-0.16421227022668294,-0.09033481295313883,0.0395,0.2128,17.0723,18,12
IR,AVOID,45.9,0.4625773128548644,1.0,0.3547101449275363,0.06822731504226401,-0.04090715792112154,0.22685088801625344,-0.07192095988794278,0.008132791429307673,0.0315,0.1801,20.6933,18,13
MTD,AVOID,45.9,0.4398516275491654,0.48817173862135427,0.44375431331953064,0.4819825276065865,-0.0996491394524246,0.2647775242506785,-0.10767188734239741,0.14025062824379375,0.0425,0.2319,27.8339,18,13
AMD,AVOID,45.9,0.397158820154959,0.3977574556745339,0.4533816425120773,0.6237157914074621,-0.04207806440101203,0.22132196755423889,-0.13564695169346264,-0.07466809791214701,0.2,0.1,80.0,18,13
KO,AVOID,45.8,0.48898140615246577,1.0,0.29582470669427197,0.11484255504778554,-0.016610004157244007,0.19045041142083016,-0.05809447217109187,0.056913126945108305,0.0148,0.1508,24.1073,18,12
SO,AVOID,45.6,0.5774337050552443,0.10000005123415723,0.3938233264320221,0.7209496784759338,0.02200021900906801,0.2460120139433461,-0.0271300037383716,0.18784275572858034,0.0506,0.2154,18.1518,18,12
DOC,AVOID,45.5,0.5516549196183784,1.0,0.28840579710144926,0.012621712682588883,0.005551928777910442,0.3025418587528374,-0.07668143338092037,0.13878862576297435,0.0235,0.2779,25.9675,18,12
TMUS,AVOID,45.5,0.71030079518081,0.5925149897491098,0.40307108350586607,0.011020082725747548,0.08149056272356825,0.3886275412225851,0.0,0.28295352309659993,0.0302,0.2165,24.0516,18,13
REGN,AVOID,45.4,0.3172193150228384,0.44252350600154444,0.5956521739130435,0.45999945023407146,-0.06629771146505303,0.19635749171553055,-0.18646801891503073,-0.09826682558542132,0.085,0.1907,15.9209,18,13
PSX,AVOID,45.4,0.5290492151583122,0.23655465099368467,0.5438750862663906,0.4222257392255367,0.018313883186072966,0.21626166834533833,-0.06061313000581714,0.06725818608107959,0.0769,0.1773,13.4488,18,12
CME,AVOID,45.2,0.49371010618285566,0.6672528490989393,0.55,0.026208066289779352,-0.049260524968028685,0.26915964035927553,-0.07403758213720357,0.15627128798196177,0.0713,0.2224,10.8043,18,12
PAYC,AVOID,45.2,0.4707268507858704,0.26142805909728917,0.7410800552104899,0.17852607557077677,0.01857325466005988,0.3025038417708525,-0.1203083414218713,0.047556709559546384,0.2604,0.2647,47.1998,18,14
ETSY,AVOID,45.1,0.556405325108204,0.6567472080299969,0.32839889579020015,0.2728466783868829,0.0012134973903772384,0.4216643726667941,-0.06225907922602436,0.19490754243416497,0.0298,0.1232,15.3409,18,13
BIIB,AVOID,45.0,0.25022632330995587,0.8667387615290418,0.5476190476190477,0.18734968564014925,-0.10634461953001717,0.34827035392431555,-0.21715931397900679,-0.11090780065298322,0.1243,0.1554,23.7716,18,13
WM,AVOID,45.0,0.41956525921082466,0.9016408687874313,0.45234644582470673,0.04183679534852992,-0.0033213201560234884,0.3828656379449512,-0.1363844733217593,-0.009375368862562738,0.0609,0.09,18.7766,18,13
XEL,AVOID,45.0,0.45943044125027815,1.0,0.29760179434092476,0.1156054001622155,-0.07263631874649168,0.2408769424725208,-0.08704315787956474,0.1169810359499438,0.0095,0.2169,16.2306,18,12
RCL,AVOID,44.9,0.3752827553244813,0.8581809277154129,0.49570393374741206,0.08016257375952539,-0.07274205739432793,0.22446704262290632,-0.12357064043788268,-0.03511909861986162,0.0596,0.0979,19.8672,18,13
TPR,AVOID,44.8,0.4064477663270751,1.0,0.3592305037957212,0.09350906371450374,-0.034789281530185345,0.2242227179476561,-0.11960840999280786,-0.03606828275017848,0.0342,0.1373,25.617,18,13
A,AVOID,44.8,0.31788891220580495,0.7093960044786354,0.46742581090407176,0.3531228962321565,-0.06603719964980115,0.24055765365636753,-0.185760682980891,-0.11690489371637958,0.0779,0.1601,24.5309,18,13
F,AVOID,44.8,0.40351152493220976,0.9845848040745442,0.26471704623878534,0.25229625871627565,-0.04063867141719957,0.17683086929687777,-0.1052490721164927,-0.04394679929940626,0.0331,0.1334,24.3952,18,13
WAB,AVOID,44.7,0.45917094676201364,0.08896327625151068,0.4170289855072464,0.8310019458495718,-0.041987958458462926,0.19744225904010845,-0.07664812324749604,-0.004158526110976002,0.08,0.1231,16.7379,18,13
FOX,AVOID,44.7,0.48791677497109687,0.0,0.7627674258109041,0.36100507995750875,-0.01592138698804646,0.23016933537875403,-0.06686321158967556,0.03986489510764335,0.1576,0.2432,25.8315,18,13
DE,AVOID,44.6,0.2570246489485173,0.6799808299392138,0.6138543823326432,0.24506868780687005,-0.09647488145306382,0.2514369852416527,-0.2251184513119131,-0.13605218709374822,0.0852,0.1854,20.3997,18,13
APO,AVOID,44.6,0.5602255685017576,0.49944681437580335,0.49473775017253274,0.14660343745095744,0.030198219139118576,0.16315381200281545,-0.022723232151816597,0.04127770800105668,0.0546,0.3795,14.4237,18,12
MNST,AVOID,44.6,0.19763210596223363,1.0,0.561887508626639,0.09130429133830995,-0.10268847753377064,0.20218324948076502,-0.2680763511528972,-0.17322539453834773,0.088,0.1576,20.6696,18,12
EG,AVOID,44.6,0.4719987493734949,0.9532006594755136,0.3727743271221532,0.010846628746347713,-0.009346408774725812,0.22466837926363098,-0.08536677154420558,0.09146547476956768,0.0224,0.3622,17.8805,18,12
STE,AVOID,44.5,0.4919017297930766,1.0,0.2944271911663216,0.04528311847577143,-0.050915178063968725,0.2606015916164634,-0.08227017176582974,0.2012239578694618,0.0305,0.1159,25.841,18,13
CB,AVOID,44.4,0.3849370968993743,0.5122561754443692,0.7236197377501725,0.04503957933443984,-0.01836006662748846,0.2704754214427891,-0.16910726314519098,-0.07868198263883719,0.1086,0.2537,11.2756,18,12
AIZ,AVOID,44.3,0.5243674302103619,0.7981541442356523,0.380072463768116,0.05831062506339881,0.028307396921894545,0.25177902706698724,-0.08803650574613564,0.05188391538805792,0.0115,0.2347,17.316,18,12
SBUX,AVOID,44.3,0.3976356450731633,1.0,0.40714285714285714,0.00590664715061854,-0.0865483673174231,0.16007259601650406,-0.10363789468008333,-0.006219578854330332,0.0639,0.1113,26.7491,18,13
CMCSA,AVOID,44.3,0.4792523293970965,0.359237563350459,0.48500690131124913,0.40721126187370366,0.00533148006656603,0.2204447700630649,-0.1121533240469873,-0.03247705620302066,0.0652,0.1624,19.0019,18,13
PH,AVOID,44.2,0.5216419099731034,0.5756912800124138,0.5454278812974465,0.031422955378652424,-0.0431032885087691,0.3986268883909767,-0.09643004711268544,0.19698612473116428,0.0886,0.1488,23.065,18,13
NUE,AVOID,44.1,0.2558642538210684,0.9747092800881466,0.49998274672187715,0.09446143818785324,-0.1605219192612427,0.36575977717704666,-0.19498960757865613,-0.008734987750095957,0.062,0.1766,14.3306,18,12
ARE,AVOID,43.9,0.7901198773495512,0.0,0.3653726708074534,0.46138668913047004,0.1596148023008408,0.3415576698118647,-0.017653990821720367,0.2980794655837168,0.0516,0.3139,20.0684,18,12
AZO,AVOID,43.9,0.49284856795276866,1.0,0.2857487922705314,0.024995098418455597,-0.021809860360987643,0.2457775625481213,-0.07347622215491434,0.06999798177573535,0.044,0.118,23.8813,18,13
ZTS,AVOID,43.8,0.3576832184495082,0.9318115423478769,0.38799171842650104,0.1379858049748119,-0.1033525040832809,0.2817882831043312,-0.13766663662624057,-0.006871734459531376,0.0347,0.1333,15.3871,18,13
OTIS,AVOID,43.7,0.6283518744514875,0.0,0.6246376811594203,0.30418695454944483,0.025915434822896044,0.2531782609866801,-0.01780980034676538,0.26901758873406234,0.0936,0.115,15.1801,18,13
REG,AVOID,43.7,0.39920847679016613,1.0,0.35793650793650794,0.049336674473122205,-0.034278908008054,0.16717048088833178,-0.1132308169584415,-0.04713819645506667,0.052,0.3141,26.7759,18,12
COST,AVOID,43.7,0.6418084540422302,0.11519381736296908,0.3599378881987578,0.5660265072281018,0.030296074569843956,0.1979780915223454,-0.016502990111984528,0.24132151050771078,0.0376,0.1295,18.2227,18,12
DHR,AVOID,43.6,0.43993380008918415,0.32308318526998947,0.6622498274672187,0.20328643826753137,-0.07795537417725096,0.14293742669545295,-0.08410507893642838,0.05916566245093502,0.1336,0.1869,23.0761,18,13
NOW,AVOID,43.4,0.6163993806818548,0.0,0.7339544513457557,0.14512547453660815,0.05744479684131076,0.26794989523289836,-0.015394996480101009,0.07554382744116828,0.1805,0.3084,27.1029,18,14
AMP,AVOID,43.4,0.35486727278445684,0.485764658656065,0.46601104209799865,0.4552102666138035,-0.045095668342983064,0.36156582750469024,-0.13111269231311917,-0.009487657257042481,0.0378,0.2604,10.6626,18,12
HST,AVOID,43.4,0.5615023076001293,0.4980624123107153,0.38471359558316076,0.2504883975738002,0.015020589719640043,0.2580717831459019,-0.018471393664449054,0.08630297506399398,0.0408,0.3776,21.9782,18,12
GIS,AVOID,43.3,0.3648838417772173,0.8615201720786752,0.43297101449275366,0.10688608256252795,-0.05370821060651576,0.3550365158057918,-0.1810532453287529,-0.072222479475058,0.0424,0.1528,23.1477,18,12
TTWO,AVOID,43.3,0.34260689513910003,0.5801075938683203,0.594703243616287,0.18074122456011846,-0.08975920660290493,0.364304685166608,-0.1395868959930887,-0.016165634831927123,0.1629,0.139,30.2266,18,13
PGR,AVOID,43.2,0.5551207343946141,0.20355500325434434,0.6790027605244996,0.10637536377393515,0.007301628409035921,0.19117507925614285,-0.017111501226655723,0.10136383549663319,0.0904,0.3643,11.6373,18,12
WY,AVOID,43.1,0.5421462230222429,0.899996159128901,0.27104899930986887,0.03421380026441557,-0.0069489551495702795,0.25113077688552393,-0.09189107292741805,0.0316692750992289,0.029,0.3577,34.9835,18,12
EA,AVOID,43.1,0.661867575465487,0.4006461044889802,0.505831608005521,0.0038607112478647233,0.07335360543794778,0.28699010241717876,-0.015046875295495088,0.24433215292565358,0.0749,0.1237,29.4289,18,13
KDP,AVOID,43.0,0.5664398348627313,0.4920640742302802,0.43904416839199445,0.14864584683368587,0.05396700079685046,0.2860268699276458,-0.03922801005336185,0.05751019679928604,0.0575,0.1299,23.712,18,12
LHX,AVOID,43.0,0.5176514524467631,0.5383399404340874,0.5126121463077985,0.06556034220939432,0.14896274028697687,0.3312926652217992,-0.12859306445051388,-0.01782024033186047,0.1162,0.0882,25.7114,18,13
LUV,AVOID,43.0,0.3707277458778121,0.6280615463945596,0.6186335403726708,0.035537570336137025,-0.06663765354547158,0.2300599259718888,-0.13614364839571802,-0.06509005811736435,0.1035,0.1542,17.0002,18,13
SHW,AVOID,42.9,0.6927246395503651,0.500063073342918,0.35139751552795034,0.07798456648575522,0.07552517285065297,0.23671541982392422,-0.005904368904906421,0.27287206995932933,0.0438,0.1162,19.0138,18,12
MOS,AVOID,42.9,0.4711016348430625,1.0,0.2733954451345756,0.025797496563527082,0.02101619132547916,0.4319231364306247,-0.137103088071581,-0.06425030412746346,0.0168,0.1509,15.3101,18,12
IBM,AVOID,42.8,0.19457199465911976,0.5044811194572472,0.7142339544513459,0.2719896092014374,-0.23832689645238148,0.3035461175904255,-0.2540367699945921,0.0009484040354705847,0.2363,0.231,21.117,18,14
PWR,AVOID,42.7,0.5887852883427711,0.5110509719004106,0.4233609385783299,0.10595741550129065,0.012651154270623355,0.39213400774044493,-0.06580014229621978,0.16031007847568068,0.0602,0.0819,22.6185,18,13
ROK,AVOID,42.7,0.3412247498201428,0.8039152201053461,0.3011732229123534,0.3670845152620926,-0.10222657492846676,0.23360783449313194,-0.13653235364714844,-0.045980979950956846,0.0278,0.0973,18.1303,18,13
KMX,AVOID,42.6,0.20699123998821123,1.0,0.5172187715665977,0.04512194149110661,-0.12326758513454694,0.32266656641329566,-0.23061212226167682,-0.1096967528453251,0.1004,0.1382,29.8832,18,13
PHM,AVOID,42.5,0.3746975826599347,0.5702013529933297,0.4667011732229124,0.2931899043018162,-0.12426962889316384,0.2562540627152179,-0.14707753585339634,0.10859135497976491,0.1018,0.064,24.5294,18,13
LW,AVOID,42.5,0.4447714369747005,0.489324438902327,0.6149068322981367,0.04788414193644997,-0.04917625841101436,0.24167267961251965,-0.08804874043754973,0.029729536767283293,0.0899,0.2187,19.9226,18,12
FAST,AVOID,42.4,0.5348024394404413,0.0,0.6303140096618357,0.37341254753811143,-0.009407536521259585,0.14348300423427743,-0.039214195795906126,0.08355068961164525,0.0929,0.1714,15.8816,18,13
BMY,AVOID,42.4,0.4710305837800899,0.10000008651406977,0.6550379572118702,0.3320540460926902,-0.04133374406507373,0.24017600559252034,-0.07284851377095736,0.10662768847006265,0.1368,0.1422,26.7706,18,13
AMCR,AVOID,42.4,0.4319310791293502,0.5925053834620928,0.5290200138026225,0.08427783482801567,-0.10935228005516395,0.3326249324895331,-0.11826581439646122,0.20484003571758447,0.0858,0.1438,15.3506,18,12
WELL,AVOID,42.3,0.3845586111779542,1.0,0.2868875086266391,0.11003504582827185,-0.05501759245799176,0.24068902245336926,-0.127146374351649,-0.00876833234921004,0.0212,0.3507,30.5234,18,12
PFE,AVOID,42.3,0.4079293100469457,0.7311698144256343,0.37703588681849554,0.2048818171562138,-0.08753207968183896,0.26313932456462064,-0.10631908348220498,0.011301060983809674,0.0653,0.1743,23.6327,18,13
CTSH,AVOID,42.2,0.37067535783445826,0.2175197633971337,0.7134230503795721,0.2661835016831444,0.013022030096695891,0.23967144081682235,-0.2347439199133825,-0.17249622599993764,0.1727,0.2554,21.8377,18,14
MAT,AVOID,42.2,0.5027778503728192,0.49960187365053893,0.5648550724637681,0.00908077746411109,-0.003947809864222163,0.2331136977295743,-0.059850728650045926,0.03298001032019915,0.1437,0.0635,18.9177,18,13
CINF,AVOID,42.1,0.588582512973041,0.15678138091325405,0.5085576259489304,0.30065089383348803,0.03785403886763672,0.1344794981149668,0.0,0.09087645235286501,0.0377,0.3716,10.226,18,12
SWKS,AVOID,42.1,0.5658487302149753,0.0,0.7789855072463768,0.08666654076362786,0.03203651075706393,0.31751874614398046,-0.06193031066097521,0.08497719408713345,0.2423,0.2691,20.9439,18,14
LNT,AVOID,41.9,0.35827546582086917,1.0,0.3033471359558316,0.10474890870150502,-0.11095940402665394,0.26996919508164846,-0.12239875759694319,-0.059130120841462186,0.0105,0.1983,15.7698,18,12
GDDY,AVOID,41.9,0.43610195519900674,0.22742484658176088,0.5281573498964803,0.4232981698019206,-0.02941535421011998,0.4151721339913188,-0.12146085536909379,0.0040131203782524105,0.0928,0.2115,35.5795,18,14
META,AVOID,41.8,0.464010457631432,0.0,0.7950310559006211,0.20245391148475905,-0.03224424711945728,0.20758776131659246,-0.07692207006801621,0.020242100697937082,0.22,0.4,28.0,18,15
CPRT,AVOID,41.8,0.48134490582986944,0.5357533856742853,0.4464285714285714,0.16091081314007868,-0.039207370228822924,0.2373430959531978,-0.055876354642006354,0.10396713771801502,0.0666,0.173,24.4156,18,13
ELV,AVOID,41.7,0.46198179037710146,0.0,0.61972049689441,0.4628492997766527,-0.05151489495504735,0.22202846262107725,-0.06373632577034438,0.04395296187568376,0.1115,0.2261,17.8804,18,13
HPQ,AVOID,41.7,0.5361332943931202,0.0,0.748343685300207,0.15983894875528287,-0.0680226351993084,0.3890624530163152,-0.0680226351993084,0.3341007228082927,0.1592,0.3448,27.5468,18,14
TECH,AVOID,41.6,0.46262278269630197,0.4324585542629145,0.42551759834368535,0.3171458560609299,-0.04381975411231054,0.23837575510266185,-0.07794612691620284,0.08567533493015744,0.0585,0.1743,29.9078,18,13
AWK,AVOID,41.5,0.45647144401456524,1.0,0.2474120082815735,0.019054720802169585,-0.021156110433797726,0.1825095510958517,-0.08495837399076966,0.013277538343355766,0.0174,0.2073,21.0431,18,12
BA,AVOID,41.4,0.5444701389980058,0.5620915553298937,0.44568668046928916,0.021211435561209312,-0.02414777264902712,0.2692228671000163,-0.052004194333798326,0.1726150466584936,0.0823,0.0828,24.6607,18,13
KKR,AVOID,41.3,0.4654224284766146,0.521684755605658,0.5174775707384404,0.06945303352878897,-0.07598826242576562,0.17867560975453783,-0.08582423867256106,0.15457958871071142,0.0432,0.2264,10.4698,18,12
CAT,AVOID,41.2,0.06283284568882151,1.0,0.540648723257419,0.1554154173087195,-0.2447185926366433,0.2668007702966714,-0.2969805044881392,-0.2089264984321053,0.0845,0.1492,22.4247,18,13
AAPL,AVOID,41.2,0.5244682469957322,0.0,0.6813319530710836,0.2526464594642324,0.039463500090105796,0.2040963647802473,-0.04697083824590598,0.02526193496329432,0.2177,0.154,22.4498,18,14
APTV,AVOID,41.2,0.451125523305724,0.4890141033794458,0.41821946169772256,0.2652351344028879,-0.04204975185714954,0.17357868730981568,-0.06579786223929629,0.02115583891404449,0.0702,0.1764,25.6456,18,13
WMB,AVOID,41.1,0.14479395747019616,1.0,0.4145962732919255,0.21349203310441406,-0.14804776626182004,0.27020212670258115,-0.26776829036165484,-0.1899270829923312,-0.0058,0.2142,10.0488,18,12
MCHP,AVOID,41.1,0.5012325839017295,0.0,0.7172187715665976,0.22810710609077128,-0.007450411722480732,0.2462393115688851,-0.07918222690349497,-0.030283376443823395,0.266,0.1523,33.3768,18,14
HBAN,AVOID,41.0,0.4590606023982959,0.39896922257856515,0.5375086266390614,0.1585266281110292,-0.06103175573290953,0.33226219016279424,-0.10870988793833514,0.08497548963689938,0.0552,0.2659,10.7159,18,12
CCL,AVOID,40.7,0.4570806227756563,0.575867315304222,0.4132332643202209,0.15479975065569385,-0.03795472465044891,0.14121960437942094,-0.06564081097521768,0.0291707011804877,0.0316,0.1736,16.7921,18,13
K,AVOID,40.7,0.4730430904715067,0.7165434389438292,0.332815734989648,0.10846953473728747,-0.03263676202659138,0.38771043362498525,-0.15679511698675797,0.05024392289627144,0.0315,0.1314,22.3107,18,12
MOH,AVOID,40.5,0.783469761322486,0.10078244743633036,0.43597308488612835,0.09563592445845276,0.1914727059869039,0.24813848803316504,0.0,0.20838876846185428,0.0558,0.1145,20.907,18,13
ADBE,AVOID,40.4,0.3354307287746473,0.49830309318186883,0.6435127674258109,0.053589653934818314,-0.13322709871313088,0.2541820850418998,-0.14125815810649944,-0.01964982026058748,0.1195,0.3102,39.9984,18,14
HWM,AVOID,40.3,0.4835732461544279,0.2197756658970098,0.540200138026225,0.25801440123191854,-0.058719729098674844,0.23472927107139832,-0.07756078646489795,0.13300765421280925,0.092,0.1398,22.8736,18,13
DVA,AVOID,40.3,0.6609057303614763,0.20060022815148676,0.3143374741200828,0.35103112608122444,0.12622665501525088,0.39012537143619785,0.0,0.1732006847694697,0.0316,0.1899,26.194,18,13
VRSK,AVOID,40.2,0.6052334154287127,0.09130902575610478,0.6685645272601793,0.006013089171391679,0.013391279597485983,0.3038637921071183,-0.05500966814081365,0.19539046967355522,0.2372,0.2961,48.127,18,14
CHD,AVOID,40.1,0.37860083442650333,0.42700928139216426,0.4425465838509317,0.3452593908404522,-0.04316356488279938,0.42759743753723006,-0.16613676383804332,-0.08233834533678264,0.0352,0.164,22.994,18,12
BR,AVOID,40.1,0.41338011454341717,0.11502512811617632,0.5998447204968944,0.3698667771895688,-0.06866728766104124,0.22703620527543422,-0.08939415839326459,0.004974685482836416,0.0924,0.1367,15.3035,18,13
EXR,AVOID,39.9,0.6430240070194082,0.25933746347974407,0.4443064182194617,0.1030733986899712,0.04837663558434602,0.18121502458560745,-0.0026325270421116986,0.2045793166527471,0.067,0.3288,31.8394,18,12
LOW,AVOID,39.8,0.5324096443811304,0.8845464010616702,0.17669082125603863,0.04224976092218998,-0.027928220079657562,0.26563151590189144,-0.05648704992005715,0.2586406270301044,0.0169,0.1053,26.7807,18,13
MO,AVOID,39.8,0.2748031671841295,1.0,0.3851621808143547,0.001981860773511076,0.049887960714435575,0.4944739855630153,-0.3013970103244493,-0.20318175373476688,0.0241,0.1616,21.1083,18,12
WBA,AVOID,39.8,0.33880198606774586,0.500995581604837,0.4064872325741891,0.3732957084409111,-0.09205953294171787,0.21112756309555333,-0.1327180380484737,-0.08479803075991799,0.048,0.1391,24.5359,18,12
MPC,AVOID,39.8,0.5418974780203515,0.5055454820323391,0.35193236714975845,0.14205780527334594,-0.005712361423205192,0.22362527862708126,-0.03256501590559757,0.11474451790439366,-0.0732,0.2235,10.6322,18,12
RPM,AVOID,39.7,0.2897945393430155,0.10000036097896625,0.5225672877846791,0.6665150846415809,-0.13898226343210418,0.3867440728021899,-0.17991436042590425,0.0313926754717776,0.1109,0.1065,23.0546,18,13
TRGP,AVOID,39.6,0.47884268054541335,0.4981800277089651,0.30434782608695654,0.30819376307223423,-0.0302085114154218,0.2104442424190002,-0.0656327544065699,0.053596083062619315,-0.0663,0.0924,14.3379,18,12
KHC,AVOID,39.5,0.1848183105021865,0.6262918701894844,0.4672532781228433,0.36880077065374434,-0.10680310189399245,0.34034259795477073,-0.2565690187893106,-0.19885825691039793,0.0479,0.129,18.6389,18,12
KIM,AVOID,39.4,0.203041287528231,1.0,0.28590407177363697,0.23498977959226733,-0.11868802486781072,0.24767031761696803,-0.2655339947753891,-0.17656338745092104,0.0321,0.2663,28.6528,18,12
CARR,AVOID,39.2,0.18811369625834545,1.0,0.356280193236715,0.14103201468205057,-0.1666980600772573,0.35437708617195607,-0.2856276617938718,-0.17612610980551469,0.0552,0.0821,23.4572,18,13
DHI,AVOID,39.2,0.4112460977091825,1.0,0.1737577639751553,0.08124371689991906,-0.08245051710269158,0.19182243004494118,-0.08865068795501008,0.02780470620751585,0.0119,0.0851,28.0757,18,13
HCA,AVOID,39.2,0.3932438788174974,0.0,0.6474465148378192,0.3979309147027832,-0.029441424496780888,0.3059088343499289,-0.14346848563456382,-0.07057446296407821,0.1257,0.1503,20.0291,18,13
PPL,AVOID,38.8,0.36509416792157645,0.9977979851284843,0.24409937888198757,0.03083266415342479,-0.06350019636994786,0.23475801199852456,-0.1392205015157455,-0.08065378055430727,0.0117,0.166,20.9721,18,12
MCD,AVOID,38.8,0.37620701277610546,0.49996566038913015,0.3678743961352657,0.3217564547761039,-0.11440995743230387,0.3550231261554704,-0.15043327144024732,0.1867286560594631,0.0437,0.1361,26.6811,18,13
MRO,AVOID,38.8,0.5822356416919159,0.10061390831713457,0.6145790200138026,0.042784246434001263,-0.010365964123981386,0.3764034270635179,-0.06553711031515941,0.21161443212927844,0.1197,0.0961,8.6955,18,12
CAH,AVOID,38.7,0.5116209267827703,0.04068240491311509,0.31925465838509315,0.6493360951969968,0.0001274755574052211,0.22337997988441982,-0.03695133891633573,0.05302973368891151,0.0382,0.1239,17.246,18,13
HIG,AVOID,38.6,0.23685737440874813,0.4993544386817619,0.5909937888198757,0.18875185578890802,-0.10816828503849363,0.24674898624187108,-0.2333353207256802,-0.14854349565275726,0.0639,0.3386,15.2819,18,12
LLY,AVOID,38.4,0.4597329373224027,0.7671748577824498,0.2621808143547274,0.06755754121604267,0.00912211450398237,0.21919578901924885,-0.10135510025107097,-0.04618117809460609,0.0232,0.1693,25.5369,18,13
EQIX,AVOID,38.2,0.49407148664414124,0.2965776281052448,0.40388198757763977,0.2684093122598048,-0.004932619971918406,0.24250954087012389,-0.07557772983340638,0.03641917109785209,0.071,0.2686,25.9902,18,12
AFL,AVOID,38.2,0.5503501533116493,0.0,0.7136991028295376,0.015560125483140785,-0.007598302413719726,0.16160488056228872,-0.03742971508788362,0.08835414162533939,0.1076,0.2558,17.4809,18,12
OMC,AVOID,38.2,0.5181963156218128,0.0,0.44827467218771566,0.45800921266076966,-0.048082047579395715,0.2788896256985311,-0.08225797021100656,0.2314515863405816,0.0622,0.2573,18.3252,18,13
XYL,AVOID,38.2,0.49846533178139873,0.5262719624573245,0.31085231193926843,0.1691097912888758,-0.03709634114186544,0.2947233654307338,-0.07188187510540645,0.14533619729058633,0.0282,0.1452,17.1361,18,13
FCX,AVOID,38.1,0.5684595631463992,0.22864795415530415,0.47988267770876464,0.10321669568705726,0.009778581667732489,0.23938152818243522,-0.032746126675556764,0.12849316675127043,0.0787,0.1256,19.8037,18,12
CE,AVOID,37.9,0.45793330991024517,0.20612952675326646,0.3863526570048309,0.42230284708119087,0.00942980086269829,0.3711319238306783,-0.10454917644140316,0.07460871579336092,0.0503,0.1053,16.2108,18,12
HSIC,AVOID,37.8,0.35367787812622875,0.10162208594761585,0.5859730848861283,0.38097008938901167,-0.07329310887277996,0.45277817741529364,-0.1436756186965209,-0.007829926805265841,0.1246,0.1354,24.9249,18,13
LMT,AVOID,37.6,0.47020735150608695,0.10006066938389646,0.33340234644582467,0.5769571150769401,-0.05364443940492114,0.14941216657972387,-0.06254105346706051,0.027830783172910434,0.0363,0.127,19.0937,18,13
DG,AVOID,37.6,0.3709756073777755,0.0,0.5383022774327122,0.5172744040971158,-0.12325295408314296,0.25003769374712603,-0.15118577008196876,-0.03385089461317292,0.0733,0.2085,22.3052,18,12
PCAR,AVOID,37.6,0.6681646982035347,0.015980627012510407,0.26399240855762596,0.4649904113835758,0.06270070799754257,0.2739128710352121,-0.04596031888766927,0.42369362566880076,0.0228,0.1086,23.9443,18,13
EBAY,AVOID,37.4,0.5525288673399608,0.24999390978037161,0.40992063492063496,0.1762577882527524,-0.0036431434582530065,0.20768006291835672,-0.04296778416305891,0.1134638601416279,0.0889,0.1417,26.547,18,13
MLM,AVOID,37.2,0.3763099742914068,0.5000139707629887,0.40665976535541754,0.18316515329308364,-0.12148787302052155,0.30866589512739273,-0.12876459653441252,0.07421019449969568,0.0753,0.0814,20.3077,18,12
MDT,AVOID,37.1,0.3589615241737137,0.49505896644698694,0.43781918564527256,0.1641973843755488,-0.09734361867049368,0.4250198851581926,-0.1281286757338881,-0.022796795572867956,0.0416,0.2291,29.4404,18,13
TXT,AVOID,37.0,0.3484686503841717,0.506819739041666,0.528743961352657,0.02845093046539571,-0.09766273407629511,0.2567508295651626,-0.1332040149278283,-0.012108902282011669,0.0672,0.1261,17.144,18,13
NEM,AVOID,37.0,0.4318964838064674,0.17610438932425249,0.39492753623188404,0.43601831909619004,0.05051403815300848,0.25626375619788533,-0.1869261639094989,-0.10809450093837136,0.0447,0.0798,13.7592,18,12
TSCO,AVOID,36.9,0.11426605223524325,1.0,0.32355072463768114,0.18682719620574412,-0.19406085657056715,0.360696596060646,-0.29532110479230833,-0.22796987601253027,0.037,0.147,25.8621,18,13
QCOM,AVOID,36.9,0.29728545220135055,0.4047457347867963,0.5733091787439614,0.13479139674420226,-0.1237662674301,0.28869701570718037,-0.17159355786521435,-0.05185276291003005,0.1001,0.2838,48.5539,18,14
GE,AVOID,36.9,0.606732945294035,0.22280091951906872,0.4521048999309869,0.034191521984367826,0.03259404796591925,0.19662797156574438,-0.022037778396851837,0.0994277568658769,0.0555,0.0855,14.3371,18,13
IFF,AVOID,36.9,0.5723105771983354,0.5005466309486305,0.26597653554175293,0.08901887518830608,0.009961171765946686,0.1897058912746298,-0.032607925556111916,0.09641232205568817,0.0045,0.1819,16.883,18,12
BRO,AVOID,36.9,0.36837691592274796,0.3380979995204667,0.42015182884748103,0.3262256098882659,-0.06444754504279504,0.24387462351463152,-0.13929567955052102,-0.05309440960036271,0.0335,0.3527,17.7882,18,12
AXON,AVOID,36.7,0.4942749795193191,0.0,0.5585576259489302,0.25666588970944565,0.024050774062470914,0.30289679065749475,-0.08027325742101754,0.021817019800989823,0.0941,0.1542,16.6623,18,13
TDG,AVOID,36.7,0.05907319864467766,0.8451465206815577,0.4124913733609386,0.2814747108849436,-0.1934930435224368,0.30405876664543385,-0.3090605337704204,-0.20909631006909046,0.0601,0.144,23.975,18,13
MAR,AVOID,36.6,0.6629416675383707,0.20036628489780983,0.19223602484472047,0.34536035701430357,0.07126002781462071,0.2158820389302528,0.0,0.23917777833672405,0.0102,0.1652,24.136,18,13
BFB,AVOID,36.5,0.4330512337015814,0.0,0.500224292615597,0.42605746421580637,-0.04828593850356633,0.1507353325929754,-0.0720010165462559,-0.007204120495262645,0.0656,0.1467,22.9866,18,12
KLAC,AVOID,36.3,0.5115652399804772,0.0,0.5355072463768116,0.24354632533996565,0.020932119588055853,0.4061582276294011,-0.0918853174704981,0.041029799685539325,0.0904,0.2236,45.6495,18,14
LEN,AVOID,36.3,0.37635581187456235,0.11090264567134084,0.5323326432022084,0.33951423009356463,-0.04277200628603739,0.27759045203268456,-0.15028888005640628,-0.07820701077917791,0.1153,0.1256,17.3705,18,13
LII,AVOID,36.1,0.5991552660152338,0.0,0.5200138026224982,0.12503212212447726,0.0587751930489564,0.4142576771292914,-0.02676973224814827,0.15578176569573554,0.0838,0.1866,25.376,18,13
BAC,AVOID,36.1,0.6385833319765126,0.24875390559973914,0.326104209799862,0.10995433844894466,0.037249012347974064,0.34680530678732274,-0.00493112236434845,0.3521240492109078,0.0102,0.2748,14.6921,18,12
JKHY,AVOID,35.9,0.35713920042939884,0.05506199159730618,0.6116804692891649,0.28795921739543073,-0.10902362556004641,0.22688591027670205,-0.12519984323565692,-0.006364487080691816,0.071,0.3164,13.5006,18,12
MAS,AVOID,35.9,0.6035979131675958,0.0,0.5094202898550725,0.12299543225377325,0.03901328424329864,0.19762079039887953,-0.002921455469947487,0.13893524397925983,0.1172,0.0752,24.9723,18,13
CRL,AVOID,35.7,0.33093889939138194,0.9001218753184914,0.1923222912353347,0.1006798174079251,-0.04379097508411767,0.3017274612839734,-0.1968993643446164,-0.13757314597266512,0.0266,0.1031,25.5502,18,13
WTW,AVOID,35.6,0.3376809758420076,0.0,0.6222912353347136,0.3380550793985452,-0.043095795094079015,0.2452591474914638,-0.19853928419243716,-0.01650704135942116,0.0762,0.2297,15.6945,18,12
CSX,AVOID,35.6,0.5187996999583604,0.1265481092819708,0.5358350586611456,0.07216218499253844,-0.011718778661575668,0.3026009702137446,-0.06311166286857717,0.174564718034118,0.1141,0.1164,17.5402,18,13
NWS,AVOID,35.5,0.4786471548358811,0.0,0.48026224982746724,0.33434197223512446,-0.0819523453315173,0.230912385815196,-0.08722727872788838,0.12452603373797999,0.0725,0.2361,18.7716,18,13
CF,AVOID,35.5,0.23746758806151122,0.500000201324438,0.5271048999309869,0.12855068086191368,-0.04212403595997116,0.3771308610867591,-0.3048230813686382,-0.21047287119285596,0.0782,0.1077,16.2819,18,12
IVZ,AVOID,35.5,0.3082566172042967,0.0,0.6383022774327122,0.354108723142624,-0.06207321728683923,0.3742786915426273,-0.20585399099481694,-0.07675080125201905,0.0804,0.3652,16.8357,18,12
GLW,AVOID,35.4,0.31688784905123996,0.0,0.7401311249137337,0.18250124683847405,-0.06547532723470839,0.45366581318727967,-0.17445764656308482,0.03453566770155869,0.2104,0.2949,37.5751,18,14
EVRG,AVOID,35.3,0.4511181075354064,0.5029738028179734,0.37601794340924777,0.020247455820762573,-0.024119035114650522,0.20669999366488004,-0.08505653269099245,-0.01435399749106947,0.0488,0.1884,16.3342,18,12
RMD,AVOID,35.2,0.4374771529234011,0.0,0.5670117322291235,0.2536859666384926,-0.0060576505467918595,0.23630784220298845,-0.10946889089825895,0.0019072811878508844,0.0959,0.1949,16.8354,18,13
AME,AVOID,35.1,0.36904932081304864,0.0,0.6096445824706694,0.2851884535741701,-0.0817470067897722,0.2976888693673171,-0.12049641154182211,-0.010770558435255428,0.1022,0.1642,18.2125,18,13
BG,AVOID,35.0,0.5895475907190205,0.0,0.49761904761904757,0.11811723489003442,0.04167818507710863,0.19640357110789944,-0.028263208690284203,0.0746870031456296,0.0522,0.2008,24.928,18,12
HII,AVOID,34.9,0.4459167535965915,0.0,0.5087474120082816,0.3106424022260538,-0.05281556901228923,0.2965583147551096,-0.09015462026737897,0.09911617958358765,0.0849,0.1244,14.994,18,13
FDX,AVOID,34.9,0.31540336009199016,0.47444145681860345,0.4248102139406488,0.15956280373238646,-0.05428897961089485,0.3372564648963957,-0.17641067657203935,-0.035990721154928074,0.0529,0.094,17.3444,18,13
EL,AVOID,34.7,0.43079018208428255,0.3236589242256061,0.4628019323671497,0.07114325533619427,-0.06021826080575221,0.21047463432293181,-0.0942896570477787,0.030255509198894637,0.0401,0.178,19.2115,18,12
BALL,AVOID,34.7,0.5124272916537186,0.015910441680326515,0.42108350586611454,0.3168265464776868,-0.03857829526851109,0.22252154069288813,-0.0801507083133175,0.14094729788461346,0.0719,0.1434,15.7366,18,12
LULU,AVOID,34.7,0.6022393044724685,0.30238862380722265,0.3292270531400966,0.03444087049782119,0.035599804706411886,0.22838139896797086,0.0,0.16150705939085352,0.0315,0.1254,17.6713,18,13
NOC,AVOID,34.7,0.4784464410891811,0.0,0.5079365079365079,0.25391828270865846,-0.05271282229175023,0.1727125607242873,-0.05858714866624248,0.0517456074000644,0.0926,0.1094,25.6259,18,13
AMGN,AVOID,34.5,0.3910570788933477,0.3568590048895659,0.4512422360248447,0.10274268689259743,-0.043926764420556985,0.2086822814781318,-0.11909107062951163,-0.06345107050057142,0.0687,0.1099,27.3153,18,13
EW,AVOID,34.2,0.25191282275445065,0.3422500335054541,0.5143029675638371,0.21799916608892145,-0.12840007547644494,0.4327267442542893,-0.19455915137232116,-0.1398131865542398,0.0545,0.1612,15.3071,18,13
ORLY,AVOID,33.6,0.3193745557653661,0.5004372686318631,0.3531400966183575,0.17050263640526533,-0.10100542781238031,0.1968869573664171,-0.1591287142049317,-0.08657565812223067,0.0397,0.08,18.1962,18,13
KEY,AVOID,33.5,0.5100799591442309,0.12873798611949122,0.4957556935817805,0.03572976585632918,0.005911769565156932,0.2699862749559764,-0.05527172867332908,0.10362018692532493,0.0462,0.2508,16.9114,18,12
UDR,AVOID,33.4,0.3994209144072529,0.49999535292592256,0.2505693581780538,0.19351880562357,-0.04692729889383973,0.2836702456750044,-0.11772959883721612,0.0014844530373137044,0.0175,0.2839,32.9827,18,12
PSA,AVOID,33.1,0.48686601566811216,0.0,0.3889233954451346,0.34083455130495405,-0.007708850301434977,0.2004899623523113,-0.05349122748941215,0.05156620351850427,0.0509,0.3028,22.1287,18,12
EXPE,AVOID,33.1,0.6111004105544514,0.0,0.4592822636300897,0.04875449658048358,0.05479567206207081,0.23570738023445514,-0.03001782245362372,0.1119576691413996,0.0849,0.1357,15.7546,18,13
OXY,AVOID,33.0,0.3963326520005391,0.0,0.6330227743271222,0.10491419033808323,-0.06752894328482695,0.19981732397637075,-0.13177412879558348,0.043125481217876405,0.0948,0.1479,9.3566,18,12
ADM,AVOID,32.9,0.6507155405057852,0.0,0.3998964803312629,0.07145147767436154,-0.007824701498737485,0.3138514194386721,-0.04194550552753118,0.4644469997963533,0.0317,0.1938,24.6068,18,12
CL,AVOID,32.9,0.5604768614457329,0.0,0.5311249137336094,0.0075696426840461475,0.0002867817042995213,0.18283282981327287,-0.015273546213825706,0.14743762562440332,0.09,0.2174,22.2057,18,12
GD,AVOID,32.6,0.5289330530868477,0.1704568190050833,0.3856452726017944,0.08910332449544357,0.012615915368406894,0.4333772311112725,-0.06814758934948573,0.16519512754138888,0.049,0.0915,16.8262,18,13
MKC,AVOID,32.6,0.4407440914066004,0.10004782357337383,0.5388543823326432,0.06113309474763099,-0.04471764072162676,0.3627249336685787,-0.10264101045583773,0.1694090722461835,0.0825,0.1825,24.0889,18,12
BBY,AVOID,32.6,0.4280839234646207,0.0,0.5687715665976535,0.13697427348333344,-0.08890467627831711,0.419607248869671,-0.09209070644890294,-0.0016494690509712973,0.1417,0.1643,27.7825,18,13
NWSA,AVOID,32.5,0.5604426919881406,0.0,0.4162870945479641,0.15758585841983686,0.04375506205007795,0.42416402687881316,-0.02782309499312663,0.08002115014196087,0.0493,0.2003,31.0195,18,13
PCG,AVOID,32.4,0.7727918532719595,0.0,0.27650103519668734,0.04817707252363898,0.11126433410820824,0.2509613639068048,-0.018475962974780602,0.37869611489387023,0.0038,0.2129,21.7277,18,12
IRM,AVOID,32.4,0.33656600961861705,0.3032995179665023,0.38033126293995856,0.2433136167824316,-0.09682078137504002,0.3323101620851728,-0.13848630757018532,-0.025506625583234466,0.0561,0.2345,21.3092,18,12
VZ,AVOID,32.3,0.4669052205516192,0.03116547867583741,0.5698585231193928,0.028293834577887103,0.049586236938326866,0.2870062644194012,-0.13372732582430835,-0.07687895396469335,0.1114,0.1773,24.1937,18,13
CMI,AVOID,32.3,0.6069512216672079,0.0,0.4306590752242926,0.058609642468346546,-0.003571137368572841,0.33816101134594756,-0.021106760610168918,0.285359316203205,0.0491,0.1888,23.5989,18,13
NRG,AVOID,32.3,0.65638416898914,0.0,0.3237232574189096,0.14720638874374548,0.1603475444283613,0.32218547521299223,-0.040366753646197795,0.0468982563850423,0.0293,0.1983,16.3764,18,12
WAT,AVOID,32.3,0.39038637709935375,0.0,0.47857142857142854,0.3135215495577116,-0.08676570984904874,0.15156047663837782,-0.10207876277311856,0.026996957690015977,0.0743,0.182,27.6792,18,13
ES,AVOID,32.3,0.5520775453286889,0.11035715703791665,0.4336093857832988,0.026334136287991233,0.01278126312131933,0.14426352648079788,-0.02010021584031929,0.07080540076423258,0.0526,0.2405,16.9837,18,12
COP,AVOID,32.3,0.501386931748731,0.0,0.5244996549344375,0.07537511800083316,0.006858740968779253,0.19456360556835545,-0.06221194562725729,0.04945975354595378,0.0848,0.111,13.8537,18,12
SCHW,AVOID,32.2,0.4194561276805903,0.11003918184517314,0.5165458937198067,0.0975851436187663,-0.0031522971205311112,0.30616670224594794,-0.1148168926692954,0.039836042736122845,0.0357,0.3468,10.7467,18,12
CTRA,AVOID,32.1,0.6645387313962696,0.0,0.2831953071083506,0.18169494745163478,0.1070730882837243,0.3241837239840802,0.0,0.09164888792961878,-0.0127,0.2176,11.4437,18,12
RL,AVOID,32.1,0.37279103116152695,0.0,0.4841787439613527,0.319707565626873,-0.10536788324003543,0.3172866240219884,-0.12140499674149241,0.019100415119033154,0.0919,0.0839,27.7909,18,13
VRTX,AVOID,32.0,0.3143182708633931,0.04225962712671388,0.6199102829537612,0.155375714985783,-0.1298325707646193,0.44252107126580104,-0.15959897767882625,0.061414441477687265,0.1079,0.1844,24.9992,18,13
MGM,AVOID,32.0,0.5795587954711723,0.0,0.29560041407867493,0.284808331717561,-0.029242770752693104,0.29474655717174536,-0.048628661623085656,0.3827166661907161,0.0303,0.0741,22.743,18,13
AMZN,AVOID,31.9,0.4922022300125438,0.015938595382739784,0.509903381642512,0.07601934107842016,-0.0033901682695894886,0.14714141534489172,-0.054275353286530326,0.02646970381243885,0.12,0.1,45.0,18,12
STLD,AVOID,31.8,0.4407694503231703,0.0,0.36621808143547274,0.37912568833422505,-0.0596821795464717,0.2847339090348239,-0.08626639209273468,-0.016378717596525205,0.0448,0.1205,22.8223,18,12
CHRW,AVOID,31.8,0.5485576212020471,0.18675533036943787,0.37812284334023466,0.013416304124511605,-0.006721423344734134,0.21312295086589617,-0.02465821729264228,0.09474579907976566,0.0544,0.1583,22.155,18,13
DOV,AVOID,31.7,0.6344523196718247,0.0,0.26104209799861977,0.24139536073677634,0.06450794935501558,0.27055329413870827,-0.003948770566007731,0.1423119421602278,0.0227,0.0739,22.9023,18,13
PNC,AVOID,31.6,0.49504172713571964,0.16113264627036133,0.4244306418219461,0.03854893795033259,-0.040131555279427356,0.30245843063985406,-0.08059854267182087,0.15950609048321007,0.0199,0.2898,12.3283,18,12
VST,AVOID,31.6,0.4881092256174747,0.036680208028461114,0.2806073153899241,0.3878698706119324,-0.03398108958358437,0.2372209660836468,-0.06528719453821308,0.06330530010711555,0.0189,0.1563,17.2033,18,12
QRVO,AVOID,31.6,0.3700189998565662,0.0,0.6157867494824018,0.10110260779228009,-0.14132759815386675,0.24690162112605496,-0.14132759815386675,0.09324943104418837,0.1553,0.156,37.1965,18,14
AMT,AVOID,31.6,0.5396000746592359,0.0,0.38823326432022087,0.1878464342813192,0.046135685045813446,0.24610466346231735,-0.04171136896909455,0.03632685098138311,0.0556,0.3197,33.7068,18,12
XOM,AVOID,31.3,0.5074758677353651,0.024957684142162484,0.3032608695652174,0.32622697680971474,-0.04586610866189711,0.18686281056030368,-0.06939209771835386,0.1908596196608482,-0.0357,0.1524,14.1853,18,12
FE,AVOID,30.7,0.6467220397720002,0.0,0.36880607315389924,0.010246882236392503,0.06631544479444607,0.2869901024171789,-0.016026626270146394,0.2212589797586827,0.0263,0.2379,16.0014,18,12
NEE,AVOID,30.6,0.5172658143790947,0.0,0.37016908212560384,0.1985131270707946,-0.020519777773530645,0.2241012579891889,-0.053586925242698924,0.15319402188726772,0.042,0.2245,18.0304,18,12
SYY,AVOID,30.3,0.14504458138860774,0.5191910151736386,0.49135610766045545,0.03949179407100874,-0.11459515255761366,0.32871814144855205,-0.30235443773756954,-0.2157640852391578,0.0629,0.139,20.7641,18,12
YUM,AVOID,30.2,0.4368046243485646,0.05497747390163765,0.5194271911663216,0.02066792109703379,-0.04908526617886577,0.3222945388858156,-0.10821809146347727,0.010253689158963741,0.0979,0.1111,24.805,18,13
FMC,AVOID,30.0,0.5617618788001894,0.0,0.3599723947550034,0.11697667658040775,-0.0071151462847299785,0.39109778535116846,-0.027392982888218897,0.2135671226424415,0.0232,0.1245,14.6577,18,12
DUK,AVOID,29.9,0.3154248276078539,0.3106032784077487,0.3644409937888199,0.16692646648405013,-0.11222912011098096,0.3124705334145357,-0.13443840771600635,-0.04475810079292941,0.0583,0.1933,21.7487,18,12
AVB,AVOID,29.9,0.45242653575773384,0.04524301080489501,0.35422705314009656,0.23944000743495283,-0.014608316044571579,0.38112628549558714,-0.13204165928120937,-0.07383363513563668,0.0535,0.3608,35.4965,18,12
CPB,AVOID,29.7,0.2613247991860879,0.0,0.4938233264320221,0.35270143439186524,-0.04150258663292827,0.3732862105185628,-0.24331584739168455,-0.14817467826694408,0.0654,0.1445,19.8213,18,12
SRE,AVOID,28.7,0.31621989056236827,0.35755028555363455,0.390527950310559,0.01725141454999972,-0.059452610449794,0.3405862367314517,-0.20815836603359117,-0.14404884323099632,0.0388,0.1977,14.6328,18,12
GWW,AVOID,28.6,0.5487007405442534,0.100556872236084,0.2907867494824017,0.06833434983261251,-0.03478174825751157,0.22916948322583913,-0.06076877379237666,0.2806673903411244,0.0237,0.0731,23.8507,18,13
DOW,AVOID,28.6,0.4389188022014667,0.08908221442458386,0.4080745341614907,0.07070054429131915,-0.008334337176902018,0.1703064037486198,-0.11649011511720497,-0.049071145880966394,0.0681,0.1088,14.7476,18,12
CSGP,AVOID,28.3,0.41916076487284826,0.11256040213533175,0.36483781918564523,0.1289372103580961,-0.0673903428481496,0.2260391285258895,-0.08203325484027102,0.050310707333925064,0.0435,0.3692,34.0177,18,12
CBOE,AVOID,27.9,0.4563007763738671,0.0,0.43305728088336787,0.058522946037444644,-0.025797363301605314,0.16772217526041613,-0.0709382941195319,0.021028367074494736,0.0313,0.3537,16.3888,18,12
AEE,AVOID,27.9,0.5536271575797561,0.0,0.23804347826086958,0.20863630499083458,-0.00862158279547287,0.17705736146440915,-0.01764643542350819,0.1493073462803861,0.0093,0.2299,20.4882,18,12
PFG,AVOID,27.7,0.47451391499971235,0.0,0.4378191856452726,0.016756914551146123,-0.030963703218198746,0.2870880922452046,-0.08421143676727172,0.05159876269597563,0.0269,0.3711,13.4099,18,12
SLB,AVOID,27.6,0.5938127684093882,0.0,0.29399585921325055,0.04859878243395536,0.03125196471957903,0.2840716331233769,-0.06080693633659828,0.21091123367339348,-0.0103,0.1393,14.8249,18,12
HON,AVOID,27.2,0.5457532462217276,0.10294573061264856,0.2890786749482402,0.002884585793774096,-0.01293241367625364,0.22955715420457093,-0.02707358468470389,0.1336008962312617,0.0312,0.1587,23.8489,18,13
EFX,AVOID,26.7,0.41960129265657714,0.0,0.4336266390614217,0.055437746469842716,-0.03674901400537589,0.18529805401931265,-0.1122974495211776,0.004160914713943087,0.0682,0.1662,17.7785,18,13
BKNG,AVOID,26.6,0.5119993979383562,0.0,0.34760179434092475,0.03891997117759293,-0.03569804431217327,0.1900411567392596,-0.04207029736705792,0.08325221444670905,0.0661,0.0863,29.3646,18,13
ALGN,AVOID,26.5,0.37135099771137536,0.0,0.37073844030365777,0.21028043839585683,-0.047675892794474706,0.40051532285609037,-0.17441100857568037,-0.11867550156485351,0.0431,0.1542,23.9227,18,13
MTB,AVOID,26.1,0.41137544472867044,0.0,0.3697895100069013,0.13499942081172622,-0.04656361483230198,0.2762986285252478,-0.12771415338602132,0.11248497372474275,0.0312,0.2563,17.2305,18,12
UPS,AVOID,26.1,0.3899351008185189,0.14566525401909852,0.3539855072463768,0.041743016497437516,-0.06136813470912861,0.22396052341681408,-0.11015361358081421,-0.018286176329685877,0.0337,0.0924,16.8372,18,13
KR,AVOID,25.7,0.3302769089131783,0.0,0.3959454796411318,0.1956302570516281,-0.1383578073712366,0.2232660513230526,-0.1383578073712366,-0.013277452350675123,0.038,0.2166,21.5629,18,12
HRL,AVOID,25.5,0.44851329620140246,0.1732839986857963,0.24349551414768805,0.06184003766702536,-0.016137008011143483,0.26851566660246085,-0.10334154865403111,0.03821543033836583,0.0117,0.1337,26.6773,18,12
TSLA,AVOID,25.3,0.4633586252577052,0.0,0.2529158040027605,0.19036775066162737,-0.02197555408875307,0.22196570394647114,-0.07618153019549279,0.04842752578004872,0.05,0.07,70.0,18,10
IEX,AVOID,25.0,0.30069808233955864,0.0,0.5072463768115942,0.03576374396527941,-0.13100206185855567,0.18340376580328746,-0.1696995266313459,-0.012377362653044899,0.1015,0.1058,21.8375,18,13
HUM,AVOID,24.6,0.39187056415458466,0.0,0.2724292615596963,0.2329074902434913,-0.05952920264626915,0.3327482457969232,-0.14217455353220831,0.0448534557577307,0.0306,0.2568,17.3524,18,13
AAL,AVOID,23.8,0.4185073254975489,0.0005961495508727821,0.3119392684610076,0.0937371232751415,-0.03828327422221878,0.17322268233700852,-0.09908383215181127,-0.04085482387879413,0.0319,0.1476,19.4832,18,13
NI,AVOID,23.8,0.4528746307799825,0.0999999970688652,0.2733954451345756,0.0,-0.07869634077437249,0.31376525307016223,-0.10972176093162023,0.2564333571037686,0.0187,0.1611,20.2164,18,12
DTE,AVOID,23.6,0.5299056732923687,0.0,0.25151828847481017,0.006071337864767143,-0.008183540880250417,0.3379457380670997,-0.0429377447172975,0.16815651683857358,0.006,0.189,16.4512,18,12
EIX,AVOID,23.0,0.39021509966942164,0.09987158077148434,0.3032781228433402,0.010356869170351588,-0.0843102289539499,0.15140036701272871,-0.1072783541163761,-0.007770570521859144,0.0251,0.1928,18.447,18,12
SPG,AVOID,23.0,0.28556378161856155,0.0,0.4777087646652864,0.005253388678252984,-0.0862609921543307,0.34626070747807025,-0.21994054009381936,-0.07757662581949443,0.0678,0.2782,21.1616,18,12
ALLE,AVOID,23.0,0.3960976951476211,0.0,0.3502760524499655,0.03044360181527894,-0.019638014426030415,0.3841322058744217,-0.12677670488109338,-0.05734744316671214,0.0227,0.0883,14.1679,18,13
CEG,AVOID,22.2,0.4681708537742545,0.0,0.26090407177363695,0.017211449269645674,-0.021217586624993956,0.14003376811089469,-0.09080464892473628,0.046005292505200246,0.0036,0.1808,20.7513,18,12
EQT,AVOID,21.8,0.2433199262236388,0.0,0.25439958592132506,0.3449263417243223,-0.1395930180546019,0.19545340410352297,-0.19483392380124065,-0.10208696098728198,-0.0603,0.1176,14.4584,18,12
CNP,AVOID,21.4,0.18361246848911494,0.18918022721381622,0.3161835748792271,0.1288674701664641,-0.1604132636314466,0.2954541129567743,-0.2437782721739804,-0.13677761521593612,0.0173,0.2218,19.5216,18,12
TSN,AVOID,19.3,0.1947753055690505,0.0,0.3371980676328502,0.16559511807479266,-0.1839178571620942,0.3149564694941188,-0.21748614143040523,-0.09578697994045271,0.0114,0.1971,24.5814,18,12
ETR,AVOID,18.5,0.2684791248456268,0.0,0.2850586611456177,0.09664655753144863,-0.06818650411923288,0.2946247673620153,-0.22055826556405178,-0.14974079183190347,0.0232,0.1504,17.1101,18,12
EQR,AVOID,16.4,0.20381680501219607,0.0,0.316735679779158,0.0386340561299651,-0.19076926659447802,0.2722089188387016,-0.21279390715879887,-0.08434505582163632,0.0162,0.3716,22.1218,18,12
